scenario,run #,dehydr. reaction temperature (K),dehydr. reaction pressure (bar),dehydr. reactor volume (m^3),dehydr. catalyst amount (kg),dehydr. catalyst cost ($/kg),PSA electricity cost ($/kg H2),PSA electricity cost ($/yr),PSA labor cost ($/kg H2),PSA labor cost ($/yr),PSA levelized capital cost ($/kg H2),PSA levelized capital cost ($/yr),"PSA operation, maintenance, repair costs ($/kg H2)","PSA operation, maintenance, repair costs ($/yr)",PSA other O&M costs ($/kg H2),PSA other O&M costs ($/yr),PSA refrigerator electricity cost ($/kg H2),PSA refrigerator electricity cost ($/yr),PSA refrigerator labor cost ($/kg H2),PSA refrigerator labor cost ($/yr),PSA refrigerator levelized capital cost ($/kg H2),PSA refrigerator levelized capital cost ($/yr),"PSA refrigerator operation, maintenance, repair costs ($/kg H2)","PSA refrigerator operation, maintenance, repair costs ($/yr)",PSA refrigerator other O&M costs ($/kg H2),PSA refrigerator other O&M costs ($/yr),all dehydr. catalyst amount (kg),all dehydr. reactor volume (m^3),cascade storage labor cost ($/kg H2),cascade storage labor cost ($/yr),cascade storage levelized capital cost ($/kg H2),cascade storage levelized capital cost ($/yr),"cascade storage operation, maintenance, repair costs ($/kg H2)","cascade storage operation, maintenance, repair costs ($/yr)",cascade storage other O&M costs ($/kg H2),cascade storage other O&M costs ($/yr),catalyst labor cost ($/kg H2),catalyst labor cost ($/yr),catalyst levelized capital cost ($/kg H2),catalyst levelized capital cost ($/yr),catalyst other O&M costs ($/kg H2),catalyst other O&M costs ($/yr),catalyst purchase cost ($/station),compressor electricity cost ($/kg H2),compressor electricity cost ($/yr),compressor labor cost ($/kg H2),compressor labor cost ($/yr),compressor levelized capital cost ($/kg H2),compressor levelized capital cost ($/yr),"compressor operation, maintenance, repair costs ($/kg H2)","compressor operation, maintenance, repair costs ($/yr)",compressor other O&M costs ($/kg H2),compressor other O&M costs ($/yr),liquid storage labor cost ($/kg H2),liquid storage labor cost ($/yr),liquid storage levelized capital cost ($/kg H2),liquid storage levelized capital cost ($/yr),"liquid storage operation, maintenance, repair costs ($/kg H2)","liquid storage operation, maintenance, repair costs ($/yr)",liquid storage other O&M costs ($/kg H2),liquid storage other O&M costs ($/yr),reactor installed cost ($/station),reactor labor cost ($/kg H2),reactor labor cost ($/yr),reactor levelized capital cost ($/kg H2),reactor levelized capital cost ($/yr),"reactor operation, maintenance, repair costs ($/kg H2)","reactor operation, maintenance, repair costs ($/yr)",reactor other O&M costs ($/kg H2),reactor other O&M costs ($/yr),reactor pump electricity cost ($/kg H2),reactor pump electricity cost ($/yr),reactor pump labor cost ($/kg H2),reactor pump labor cost ($/yr),reactor pump levelized capital cost ($/kg H2),reactor pump levelized capital cost ($/yr),"reactor pump operation, maintenance, repair costs ($/kg H2)","reactor pump operation, maintenance, repair costs ($/yr)",reactor pump other O&M costs ($/kg H2),reactor pump other O&M costs ($/yr),refrigerator electricity cost ($/kg H2),refrigerator electricity cost ($/yr),refrigerator labor cost ($/kg H2),refrigerator labor cost ($/yr),refrigerator levelized capital cost ($/kg H2),refrigerator levelized capital cost ($/yr),"refrigerator operation, maintenance, repair costs ($/kg H2)","refrigerator operation, maintenance, repair costs ($/yr)",refrigerator other O&M costs ($/kg H2),refrigerator other O&M costs ($/yr)
baseline,0,300.0,1.0,0.0731028611028611,9.64671203342243,3500.0,1.0195904046287483,3721504.9768949314,0.06300135577304773,229954.9485716242,1.238423773633985,4520246.773764045,0.07448076004281232,271854.77415626496,0.1923838031905842,702200.8816456323,0.001384026556428445,5051.696930963824,0.003398486732709998,12404.476574391492,0.07115215308095452,259705.35874548397,0.008035442150149452,29329.3638480455,0.010377773536918017,37878.87340975076,9.64671203342243,0.0731028611028611,0.01950051910664352,71176.89473924885,0.3294123932501356,1202355.235362995,0.023053686170251306,84145.95452141727,0.059547671377759126,217349.0005288208,0.0007824566574576873,2855.966799720559,0.1318924985834886,481407.61982973333,0.0023893452092645343,8721.110013815549,33763.49211697851,0.425335946504673,1552476.2047420563,0.06280973506526875,229255.53298823096,1.627792332165766,5941442.012405045,0.29701689738875214,1084111.6754689454,0.19179866148878674,700065.1144340716,0.0010895874129065529,3976.994057108918,0.018405848345775144,67181.34646207928,0.001288119876954765,4701.637550884892,0.0033272136421741583,12144.329793935678,60910.39709468507,0.0014115763129596791,5152.2535423028285,0.02774749277722259,101278.34863686246,0.0016687780025941114,6091.039709468507,0.004310453580700591,15733.155569557155,0.0,0.0,0.0,0.0,0.0,0.0,0.0,0.0,0.0,0.0,0.05984979703474284,218451.75917681135,0.00419670825197521,15317.985119709516,0.0878640558183182,320703.80373686145,0.009922771230862196,36218.11499264702,0.012815259044658524,46775.695513003615
Pd 4nm,1,300.0,1.0,0.0731028611028611,9.646712033422434,3500.0,1.0195904046287483,3721504.9768949314,0.06300135577304773,229954.9485716242,1.238423773633985,4520246.773764045,0.07448076004281232,271854.77415626496,0.1923838031905842,702200.8816456323,0.001384026556428445,5051.696930963824,0.003398486732709998,12404.476574391492,0.07115215308095452,259705.35874548397,0.008035442150149452,29329.3638480455,0.010377773536918017,37878.87340975076,9.646712033422434,0.0731028611028611,0.01950051910664352,71176.89473924885,0.3294123932501356,1202355.235362995,0.023053686170251306,84145.95452141727,0.059547671377759126,217349.0005288208,0.0007824566574576875,2855.9667997205593,0.13189249858348862,481407.61982973345,0.0023893452092645343,8721.11001381555,33763.492116978516,0.425335946504673,1552476.2047420563,0.06280973506526875,229255.53298823096,1.627792332165766,5941442.012405045,0.29701689738875214,1084111.6754689454,0.19179866148878674,700065.1144340716,0.0010895874129065529,3976.994057108918,0.018405848345775144,67181.34646207928,0.001288119876954765,4701.637550884892,0.0033272136421741583,12144.329793935678,60910.39709468507,0.0014115763129596791,5152.2535423028285,0.02774749277722259,101278.34863686246,0.0016687780025941114,6091.039709468507,0.004310453580700591,15733.155569557155,0.0,0.0,0.0,0.0,0.0,0.0,0.0,0.0,0.0,0.0,0.05984979703474284,218451.75917681135,0.00419670825197521,15317.985119709516,0.0878640558183182,320703.80373686145,0.009922771230862196,36218.11499264702,0.012815259044658524,46775.695513003615
Pd 4nm,2,310.5263157894737,1.0,0.0306770616770616,4.048169600554391,3500.0,1.0195904046287483,3721504.9768949314,0.06318505864041583,230625.4640375178,1.238423773633985,4520246.773764045,0.07448076004281232,271854.77415626496,0.19238380319058423,702200.8816456324,0.009258999850473567,33795.34945422852,0.0034083962298922534,12440.646239106725,0.0711521530809545,259705.3587454839,0.008035442150149452,29329.3638480455,0.010377773536918017,37878.87340975076,4.048169600554391,0.0306770616770616,0.019557379807990355,71384.4362991648,0.3294123932501356,1202355.235362995,0.023053686170251306,84145.95452141727,0.05954767137775913,217349.00052882082,0.0003293094338215402,1201.9794334486216,0.05534768752886863,202019.0594803705,0.001002670610241424,3659.747727381198,14168.593601940369,0.425335946504673,1552476.2047420563,0.06299287919428856,229924.0090591532,1.627792332165766,5941442.012405045,0.29701689738875214,1084111.6754689454,0.19179866148878674,700065.1144340716,0.0010927644926621088,3988.590398216697,0.018405848345775144,67181.34646207928,0.001288119876954765,4701.637550884892,0.0033272136421741588,12144.329793935678,60910.39709468507,0.0014156922659104966,5167.276770573313,0.027747492777222587,101278.34863686244,0.0016687780025941114,6091.039709468507,0.004310453580700591,15733.155569557155,0.0,0.0,0.0,0.0,0.0,0.0,0.0,0.0,0.0,0.0,0.05984979703474284,218451.75917681135,0.004208945247988001,15362.650155156203,0.0878640558183182,320703.80373686145,0.009922771230862196,36218.11499264702,0.012815259044658526,46775.695513003615
Pd 4nm,3,321.0526315789474,1.0,0.0136387486387486,1.7997801813681762,3500.0,1.0195904046287483,3721504.9768949314,0.0632591360615426,230895.84662463045,1.238423773633985,4520246.773764045,0.07448076004281232,271854.77415626496,0.1923838031905842,702200.8816456323,0.017133973144518685,62539.0019774932,0.0034123921936267416,12455.231506737606,0.07115215308095452,259705.35874548397,0.008035442150149452,29329.3638480455,0.010377773536918017,37878.87340975076,1.7997801813681762,0.0136387486387486,0.019580308650526013,71468.12657441993,0.32941239325013555,1202355.2353629947,0.023053686170251306,84145.95452141727,0.05954767137775912,217349.0005288208,0.0001465796909566421,535.0158719917437,0.024607089358453356,89815.87615835475,0.0004457784309495616,1627.0912729658999,6299.230634788617,0.425335946504673,1552476.2047420563,0.06306673130648835,230193.56926868245,1.6277923321657661,5941442.012405046,0.29701689738875214,1084111.6754689454,0.19179866148878674,700065.1144340716,0.001094045636927179,3993.2665747842034,0.018405848345775144,67181.34646207928,0.001288119876954765,4701.637550884892,0.0033272136421741583,12144.329793935678,60910.39709468507,0.0014173520069066167,5173.334825209151,0.027747492777222587,101278.34863686244,0.0016687780025941114,6091.039709468507,0.00431045358070059,15733.155569557153,0.0,0.0,0.0,0.0,0.0,0.0,0.0,0.0,0.0,0.0,0.05984979703474284,218451.75917681135,0.004213879765995005,15380.661145881766,0.08786405581831822,320703.8037368615,0.009922771230862196,36218.11499264702,0.012815259044658526,46775.69551300362
Pd 4nm,4,331.578947368421,1.0,0.00637946737946737,0.8418396189684176,3500.0,1.0195904046287483,3721504.9768949314,0.06329075000952195,231011.23753475508,1.238423773633985,4520246.773764045,0.07448076004281232,271854.77415626496,0.1923838031905842,702200.8816456324,0.025008946438563724,91282.65450075759,0.0034140975471299803,12461.456047024429,0.0711521530809545,259705.3587454839,0.008035442150149452,29329.3638480455,0.010377773536918015,37878.87340975076,0.8418396189684176,0.00637946737946737,0.01959009397004879,71503.84299067808,0.32941239325013555,1202355.2353629947,0.023053686170251306,84145.95452141727,0.05954767137775912,217349.0005288208,6.85962987523819e-05,250.37649044619394,0.011509862673170817,42010.99875707348,0.00020851098836394464,761.0651075283979,2946.4386663894616,0.425335946504673,1552476.2047420563,0.06309824909959906,230308.60921353658,1.6277923321657661,5941442.012405046,0.29701689738875214,1084111.6754689454,0.19179866148878674,700065.1144340716,0.0010945923896020686,3995.26222204755,0.018405848345775144,67181.34646207928,0.001288119876954765,4701.637550884892,0.0033272136421741583,12144.329793935678,60910.39709468507,0.0014180603329351476,5175.920215213288,0.02774749277722259,101278.34863686246,0.0016687780025941114,6091.039709468507,0.004310453580700591,15733.155569557155,0.0,0.0,0.0,0.0,0.0,0.0,0.0,0.0,0.0,0.0,0.05984979703474284,218451.75917681135,0.004215985665379779,15388.347678636193,0.0878640558183182,320703.80373686145,0.009922771230862196,36218.11499264702,0.012815259044658524,46775.695513003615
Pd 4nm,5,342.1052631578947,1.0,0.00312978912978913,0.4130094773982774,3500.0,1.0195904046287483,3721504.9768949314,0.0633049125000054,231062.9306250197,1.238423773633985,4520246.773764045,0.07448076004281232,271854.77415626496,0.1923838031905842,702200.8816456323,0.032883919732608846,120026.30702402229,0.0034148615153877997,12464.244531165468,0.0711521530809545,259705.3587454839,0.008035442150149452,29329.3638480455,0.010377773536918015,37878.873409750755,0.4130094773982774,0.00312978912978913,0.019594477620414434,71519.84331451268,0.32941239325013555,1202355.2353629947,0.023053686170251306,84145.95452141727,0.05954767137775912,217349.0005288208,3.3661116006996315e-05,122.86307342553656,0.005646779101935517,20610.743722064635,0.00010229622412107196,373.3812180419127,1445.533170893971,0.425335946504673,1552476.2047420563,0.0631123685143992,230360.14507755707,1.627792332165766,5941442.012405045,0.29701689738875214,1084111.6754689454,0.19179866148878671,700065.1144340715,0.0010948373251463413,3996.156236784145,0.01840584834577514,67181.34646207927,0.001288119876954765,4701.637550884892,0.003327213642174158,12144.329793935676,60910.39709468507,0.0014183776504889316,5177.078424284599,0.027747492777222587,101278.34863686244,0.0016687780025941114,6091.039709468507,0.00431045358070059,15733.155569557153,0.0,0.0,0.0,0.0,0.0,0.0,0.0,0.0,0.0,0.0,0.05984979703474284,218451.75917681135,0.004216929071120039,15391.791109588143,0.0878640558183182,320703.80373686145,0.009922771230862196,36218.11499264702,0.012815259044658524,46775.695513003615
Pd 4nm,6,352.6315789473684,1.0,0.0015999405999406,0.21112944152064153,3500.0,1.0195904046287483,3721504.9768949314,0.06331158195926515,231087.27415131778,1.238423773633985,4520246.773764045,0.07448076004281232,271854.77415626496,0.19238380319058423,702200.8816456324,0.04075889302665397,148769.95954728697,0.0034152212865154272,12465.55769578131,0.07115215308095449,259705.35874548389,0.008035442150149452,29329.3638480455,0.010377773536918015,37878.873409750755,0.21112944152064153,0.0015999405999406,0.019596541987381297,71527.37825394173,0.32941239325013555,1202355.2353629947,0.023053686170251306,84145.95452141727,0.05954767137775912,217349.0005288208,1.7209293615743458e-05,62.81392169746362,0.002886619759169352,10536.162120968134,5.229358126211944e-05,190.87157160673596,738.9530453222453,0.425335946504673,1552476.2047420563,0.06311901768827796,230384.41456221454,1.627792332165766,5941442.012405045,0.29701689738875214,1084111.6754689454,0.19179866148878671,700065.1144340716,0.0010949526712174082,3996.5772499435393,0.018405848345775144,67181.34646207928,0.001288119876954765,4701.637550884892,0.0033272136421741583,12144.329793935678,60910.39709468507,0.001418527082998689,5177.623852945215,0.027747492777222587,101278.34863686244,0.0016687780025941114,6091.039709468507,0.004310453580700591,15733.155569557155,0.0,0.0,0.0,0.0,0.0,0.0,0.0,0.0,0.0,0.0,0.05984979703474284,218451.75917681135,0.00421737334369748,15393.412704495802,0.0878640558183182,320703.80373686145,0.009922771230862196,36218.11499264702,0.012815259044658526,46775.69551300362
Pd 4nm,7,363.1578947368421,1.0,0.00084999324999325,0.11216578926370925,3500.0,1.0195904046287483,3721504.9768949314,0.06331485190953541,231099.20946980425,1.238423773633985,4520246.773764045,0.07448076004281232,271854.77415626496,0.19238380319058423,702200.8816456324,0.04863386632069909,177513.61207055167,0.0034153976776815187,12466.201523537544,0.0711521530809545,259705.3587454839,0.008035442150149452,29329.3638480455,0.010377773536918017,37878.87340975076,0.11216578926370925,0.00084999324999325,0.019597554120008298,71531.07253803028,0.32941239325013555,1202355.2353629947,0.023053686170251306,84145.95452141727,0.05954767137775912,217349.0005288208,9.143176262054569e-06,33.37259335649917,0.0015335615026471502,5597.499484662098,2.778177583119352e-05,101.40348178385635,392.5802624229824,0.425335946504673,1552476.2047420563,0.06312227769288631,230396.31357903502,1.627792332165766,5941442.012405045,0.29701689738875214,1084111.6754689454,0.19179866148878674,700065.1144340716,0.0010950092239155461,3996.7836672917433,0.018405848345775144,67181.34646207928,0.001288119876954765,4701.637550884892,0.0033272136421741588,12144.32979393568,60910.39709468507,0.0014186003478402062,5177.891269616753,0.02774749277722259,101278.34863686246,0.0016687780025941114,6091.039709468507,0.004310453580700591,15733.155569557157,0.0,0.0,0.0,0.0,0.0,0.0,0.0,0.0,0.0,0.0,0.05984979703474284,218451.75917681135,0.00421759116483981,15394.207751665304,0.0878640558183182,320703.80373686145,0.009922771230862196,36218.11499264702,0.012815259044658526,46775.695513003615
Pd 4nm,8,373.6842105263158,1.0,0.00046999666999667,0.062021136570096565,3500.0,1.0195904046287483,3721504.9768949314,0.06331650891468021,231105.2575385828,1.238423773633985,4520246.773764045,0.07448076004281232,271854.77415626496,0.19238380319058423,702200.8816456324,0.05650883961474421,206257.26459381636,0.0034154870616309838,12466.52777495309,0.0711521530809545,259705.3587454839,0.008035442150149452,29329.3638480455,0.010377773536918017,37878.87340975076,0.062021136570096565,0.00046999666999667,0.019598067005169095,71532.9445688672,0.3294123932501356,1202355.235362995,0.023053686170251306,84145.95452141727,0.05954767137775913,217349.00052882082,5.0557752776438305e-06,18.453579763399983,0.0008479700273913632,3095.090599978476,1.5361700963341317e-05,56.0702085161958,217.07397799533797,0.425335946504673,1552476.2047420563,0.06312392965819516,230402.3432524123,1.6277923321657661,5941442.012405046,0.29701689738875214,1084111.6754689454,0.19179866148878677,700065.1144340717,0.0010950378812662768,3996.8882666219106,0.018405848345775144,67181.34646207928,0.001288119876954765,4701.637550884892,0.0033272136421741588,12144.32979393568,60910.39709468507,0.0014186374738541492,5178.026779567644,0.02774749277722259,101278.34863686246,0.0016687780025941114,6091.039709468507,0.004310453580700591,15733.155569557155,0.0,0.0,0.0,0.0,0.0,0.0,0.0,0.0,0.0,0.0,0.05984979703474284,218451.75917681135,0.004217701542895638,15394.610631569078,0.08786405581831822,320703.8037368615,0.009922771230862196,36218.11499264702,0.012815259044658526,46775.69551300362
Pd 4nm,9,384.2105263157895,1.0,0.00026999846999847,0.035629214099774105,3500.0,1.0195904046287483,3721504.9768949314,0.06331738105748802,231108.44085983123,1.238423773633985,4520246.773764045,0.07448076004281232,271854.77415626496,0.19238380319058423,702200.8816456324,0.06438381290878933,235000.91711708106,0.0034155341076941197,12466.699493083537,0.07115215308095452,259705.35874548397,0.008035442150149452,29329.3638480455,0.010377773536918017,37878.87340975076,0.035629214099774105,0.00026999846999847,0.0195983369555103,71533.9298876126,0.3294123932501356,1202355.235362995,0.023053686170251306,84145.95452141727,0.05954767137775913,217349.00052882082,2.9044256681809004e-06,10.601153688860286,0.000487132408835686,1778.033292250254,8.82481945394542e-06,32.210591006900785,124.70224934920937,0.425335946504673,1552476.2047420563,0.06312479914835174,230405.51689148386,1.6277923321657661,5941442.012405046,0.29701689738875214,1084111.6754689454,0.19179866148878674,700065.1144340716,0.0010950529646849426,3996.94332110004,0.018405848345775144,67181.34646207928,0.001288119876954765,4701.637550884892,0.0033272136421741588,12144.329793935678,60910.39709468507,0.0014186570146420242,5178.098103443388,0.02774749277722259,101278.34863686246,0.0016687780025941114,6091.039709468507,0.004310453580700591,15733.155569557155,0.0,0.0,0.0,0.0,0.0,0.0,0.0,0.0,0.0,0.0,0.05984979703474284,218451.75917681135,0.0042177596389298185,15394.822682093836,0.08786405581831822,320703.8037368615,0.009922771230862196,36218.11499264702,0.012815259044658528,46775.69551300362
Pd 4nm,10,300.0,100.0,0.076013986013986,10.030866405594402,3500.0,0.0,0.0,0.06775105121098628,247291.3369200999,1.2384237736339851,4520246.773764046,0.07448076004281232,271854.77415626496,0.19238380319058423,702200.8816456324,0.001384026556428445,5051.696930963824,0.0036546999003820636,13339.65463639453,0.07115215308095452,259705.35874548397,0.008035442150149452,29329.3638480455,0.010377773536918017,37878.87340975076,10.030866405594402,0.076013986013986,0.02097067043119457,76542.94707386018,0.3294123932501356,1202355.235362995,0.023053686170251306,84145.95452141727,0.059547671377759126,217349.00052882082,0.0008749546921727815,3193.5846264306524,0.1371447627551555,500578.38405631756,0.0024844944586240054,9068.40477397762,35108.032419580406,0.24600401923542795,897914.670209312,0.04132836406484816,150848.52883669577,0.9959880067319559,3635356.2245716387,0.18173403434229213,663329.2253493663,0.11735475267653515,428344.84726935334,0.0011717318096550985,4276.821105241109,0.018405848345775144,67181.34646207928,0.001288119876954765,4701.637550884892,0.0033272136421741583,12144.329793935678,499465.2561764175,0.012447563687024184,45433.60745763827,0.22752944077322523,830482.4588222721,0.013683979621271714,49946.52561764175,0.03534571936174484,129011.87567036867,0.011725822916917357,42799.25364674835,0.0034782898824473655,12695.758070932883,0.08382463437020655,305959.91545125394,0.0038237882580911876,13956.827142032835,0.009876845070649539,36050.48450787082,0.05984979703474284,218451.75917681135,0.004513099634258656,16472.81366504409,0.08786405581831822,320703.8037368615,0.009922771230862196,36218.11499264702,0.012815259044658526,46775.69551300362
Pd 4nm,11,310.5263157894737,100.0,0.0311388611388611,4.109109026973021,3500.0,0.0,0.0,0.06797585207736459,248111.86008238076,1.238423773633985,4520246.773764045,0.07448076004281232,271854.77415626496,0.19238380319058423,702200.8816456324,0.009258999850473567,33795.34945422852,0.0036668263499245236,13383.916177224512,0.07115215308095452,259705.35874548397,0.008035442150149452,29329.3638480455,0.010377773536918017,37878.87340975076,4.109109026973021,0.0311388611388611,0.021040252006641804,76796.91982424259,0.3294123932501356,1202355.235362995,0.023053686170251306,84145.95452141727,0.059547671377759126,217349.00052882082,0.0003596113619448666,1312.5814710987631,0.05618086811773152,205060.16862972005,0.001017764387899989,3714.8400158349596,14381.881594405573,0.24600401923542795,897914.670209312,0.04146549333268556,151349.05066430228,0.9959880067319559,3635356.2245716387,0.18173403434229213,663329.2253493663,0.11735475267653515,428344.84726935334,0.0011756196655815434,4291.011779372633,0.018405848345775144,67181.34646207928,0.001288119876954765,4701.637550884892,0.0033272136421741583,12144.329793935678,499465.2561764175,0.012488865232182919,45584.35809746765,0.22752944077322518,830482.4588222719,0.013683979621271714,49946.52561764175,0.03534571936174483,129011.87567036865,0.011725822916917357,42799.25364674835,0.0034898309960553907,12737.883135602175,0.08382463437020655,305959.91545125394,0.0038237882580911876,13956.827142032835,0.00987684507064954,36050.484507870824,0.05984979703474284,218451.75917681135,0.004528074290587951,16527.471160646022,0.08786405581831822,320703.8037368615,0.009922771230862196,36218.11499264702,0.012815259044658526,46775.69551300362
Pd 4nm,12,321.0526315789474,100.0,0.0134965034965034,1.7810093986013857,3500.0,0.0,0.0,0.06806464011283185,248435.93641183624,1.2384237736339851,4520246.773764046,0.07448076004281232,271854.77415626496,0.19238380319058426,702200.8816456326,0.017133973144518685,62539.0019774932,0.0036716158494020557,13401.397850317502,0.07115215308095452,259705.35874548397,0.008035442150149452,29329.3638480455,0.010377773536918017,37878.87340975076,1.7810093986013857,0.0134965034965034,0.021067734157792766,76897.2296759436,0.3294123932501356,1202355.235362995,0.023053686170251306,84145.95452141727,0.05954767137775913,217349.00052882082,0.00015606978926657657,569.6547308230045,0.024350450056802975,88879.14270733086,0.00044112919090563924,1610.121546805583,6233.5328951048505,0.24600401923542795,897914.670209312,0.04151965432633517,151546.7382911234,0.9959880067319559,3635356.2245716387,0.18173403434229213,663329.2253493663,0.11735475267653517,428344.84726935334,0.0011771552250099836,4296.6165712864395,0.018405848345775144,67181.34646207928,0.001288119876954765,4701.637550884892,0.003327213642174159,12144.32979393568,499465.2561764175,0.012505177816362354,45643.89902972258,0.22752944077322518,830482.4588222719,0.013683979621271714,49946.52561764175,0.03534571936174484,129011.87567036867,0.011725822916917357,42799.25364674835,0.0034943893094679214,12754.520979557912,0.08382463437020655,305959.91545125394,0.0038237882580911876,13956.827142032835,0.00987684507064954,36050.484507870824,0.05984979703474284,218451.75917681135,0.004533988726500479,16549.058851726746,0.08786405581831822,320703.8037368615,0.009922771230862196,36218.11499264702,0.012815259044658528,46775.69551300362
Pd 4nm,13,331.578947368421,100.0,0.00616948816948817,0.8141305944361944,3500.0,0.0,0.0,0.06810158271390283,248570.77690574533,1.238423773633985,4520246.773764045,0.07448076004281232,271854.77415626496,0.1923838031905842,702200.8816456323,0.025008946438563724,91282.65450075759,0.003673608646827937,13408.67156092197,0.0711521530809545,259705.3587454839,0.008035442150149452,29329.3638480455,0.010377773536918015,37878.873409750755,0.8141305944361944,0.00616948816948817,0.02107916883073265,76938.96623217418,0.32941239325013555,1202355.2353629947,0.023053686170251306,84145.95452141727,0.059547671377759126,217349.0005288208,7.13809561231617e-05,260.5404898495402,0.01113101727318332,40628.21304711912,0.00020164788052055933,736.0147639000415,2849.4570805266803,0.24600401923542795,897914.670209312,0.04154218943448885,151628.9914358843,0.9959880067319559,3635356.2245716387,0.18173403434229213,663329.2253493663,0.11735475267653515,428344.8472693533,0.0011777941349609374,4298.948592607421,0.01840584834577514,67181.34646207927,0.001288119876954765,4701.637550884892,0.0033272136421741583,12144.329793935676,499465.2561764175,0.012511965096727397,45668.672603055,0.22752944077322515,830482.4588222718,0.013683979621271714,49946.52561764175,0.03534571936174483,129011.87567036864,0.011725822916917357,42799.25364674835,0.0034962859158413984,12761.443592821104,0.08382463437020654,305959.9154512539,0.0038237882580911876,13956.827142032835,0.009876845070649539,36050.48450787082,0.05984979703474284,218451.75917681135,0.004536449583363982,16558.040979278532,0.0878640558183182,320703.80373686145,0.009922771230862196,36218.11499264702,0.012815259044658526,46775.695513003615
Pd 4nm,14,342.1052631578947,100.0,0.00295980595980596,0.39057836230076226,3500.0,0.0,0.0,0.06811777847375679,248629.89142921224,1.238423773633985,4520246.773764045,0.07448076004281232,271854.77415626496,0.19238380319058423,702200.8816456324,0.032883919732608846,120026.30702402229,0.003674482295883809,13411.860379975902,0.0711521530809545,259705.3587454839,0.008035442150149452,29329.3638480455,0.010377773536918017,37878.87340975076,0.39057836230076226,0.00295980595980596,0.021084181829589627,76957.26367800214,0.32941239325013555,1202355.2353629947,0.023053686170251306,84145.95452141727,0.05954767137775912,217349.00052882082,3.425308845447591e-05,125.02377285883705,0.005340094730517054,19491.345766387247,9.674037491452168e-05,353.1023684380042,1367.0242680526678,0.24600401923542795,897914.670209312,0.04155206890126592,151665.0514896206,0.9959880067319559,3635356.2245716387,0.18173403434229213,663329.2253493663,0.11735475267653515,428344.84726935334,0.001178074235220095,4299.9709585533465,0.018405848345775144,67181.34646207928,0.001288119876954765,4701.637550884892,0.0033272136421741588,12144.32979393568,499465.2561764175,0.012514940663137636,45679.53342045237,0.22752944077322515,830482.4588222718,0.013683979621271714,49946.52561764175,0.03534571936174483,129011.87567036865,0.011725822916917357,42799.25364674835,0.003497117394418212,12764.478489626474,0.08382463437020655,305959.91545125394,0.0038237882580911876,13956.827142032835,0.00987684507064954,36050.484507870824,0.05984979703474284,218451.75917681135,0.004537528431242603,16561.978774035502,0.08786405581831822,320703.8037368615,0.009922771230862196,36218.11499264702,0.012815259044658526,46775.69551300362
Pd 4nm,15,352.6315789473684,100.0,0.00148995148995149,0.19661519057519058,3500.0,0.0,0.0,0.06812519779544786,248656.97195338467,1.238423773633985,4520246.773764045,0.07448076004281232,271854.77415626496,0.19238380319058423,702200.8816456324,0.04075889302665397,148769.95954728697,0.0036748825168953013,13413.321186667848,0.07115215308095452,259705.35874548397,0.008035442150149452,29329.3638480455,0.010377773536918019,37878.87340975076,0.19661519057519058,0.00148995148995149,0.021086478298016697,76965.64578776094,0.3294123932501356,1202355.235362995,0.023053686170251306,84145.95452141727,0.05954767137775913,217349.00052882082,1.7244711174131683e-05,62.943195785580635,0.002688176930604464,9811.845796706295,4.869862001082221e-05,177.74996303950107,688.153167013167,0.24600401923542795,897914.670209312,0.041556594711898855,151681.5706984308,0.995988006731956,3635356.224571639,0.18173403434229213,663329.2253493663,0.11735475267653517,428344.84726935334,0.0011782025499115442,4300.4393071771365,0.018405848345775144,67181.34646207928,0.001288119876954765,4701.637550884892,0.0033272136421741583,12144.329793935678,499465.2561764175,0.012516303778212803,45684.50879047673,0.22752944077322518,830482.4588222719,0.013683979621271714,49946.52561764175,0.03534571936174483,129011.87567036864,0.011725822916917357,42799.25364674835,0.003497498297018414,12765.86878411721,0.08382463437020655,305959.91545125394,0.0038237882580911876,13956.827142032835,0.00987684507064954,36050.484507870824,0.05984979703474284,218451.75917681135,0.0045380226543935654,16563.782688536514,0.08786405581831822,320703.8037368615,0.009922771230862196,36218.11499264702,0.012815259044658528,46775.69551300362
Pd 4nm,16,363.1578947368421,100.0,0.00077999387999388,0.1029286163990964,3500.0,0.0,0.0,0.06812878199706955,248670.05428930384,1.238423773633985,4520246.773764045,0.07448076004281232,271854.77415626496,0.1923838031905842,702200.8816456323,0.04863386632069909,177513.61207055167,0.003675075859744978,13414.02688806917,0.0711521530809545,259705.3587454839,0.008035442150149452,29329.3638480455,0.010377773536918015,37878.873409750755,0.1029286163990964,0.00077999387999388,0.02108758769941526,76969.69510286569,0.3294123932501356,1202355.235362995,0.023053686170251306,84145.95452141727,0.059547671377759126,217349.0005288208,9.028130741449228e-06,32.952677206289685,0.0014072683361526636,5136.529426957222,2.5493867302904958e-05,93.0526156556031,360.2501573968374,0.24600401923542795,897914.670209312,0.04155878108667615,151689.55096636794,0.9959880067319559,3635356.2245716387,0.18173403434229213,663329.2253493663,0.11735475267653515,428344.8472693533,0.0011782645374818813,4300.665561808867,0.018405848345775144,67181.34646207928,0.001288119876954765,4701.637550884892,0.0033272136421741583,12144.329793935678,499465.2561764175,0.012516962285751148,45686.912342991694,0.22752944077322518,830482.4588222719,0.013683979621271714,49946.52561764175,0.03534571936174483,129011.87567036864,0.011725822916917357,42799.25364674835,0.0034976823073328603,12766.54042176494,0.08382463437020654,305959.9154512539,0.0038237882580911876,13956.827142032835,0.009876845070649539,36050.48450787082,0.05984979703474284,218451.75917681135,0.004538261408755879,16564.654141958956,0.0878640558183182,320703.80373686145,0.009922771230862196,36218.11499264702,0.012815259044658524,46775.695513003615
Pd 4nm,17,373.6842105263158,100.0,0.00041999711999712,0.05542315595251596,3500.0,0.0,0.0,0.06813059957499726,248676.68844873997,1.238423773633985,4520246.773764045,0.07448076004281232,271854.77415626496,0.19238380319058423,702200.8816456324,0.05650883961474421,206257.26459381636,0.0036751739054837903,13414.384755015835,0.0711521530809545,259705.3587454839,0.008035442150149452,29329.3638480455,0.010377773536918015,37878.87340975076,0.05542315595251596,0.00041999711999712,0.021088150285929023,76971.74854364093,0.32941239325013555,1202355.2353629947,0.023053686170251306,84145.95452141727,0.05954767137775912,217349.0005288208,4.861435669047877e-06,17.74424019202475,0.000757760622752444,2765.8262730464207,1.3727480585992342e-05,50.10530413887205,193.98104583380584,0.24600401923542795,897914.670209312,0.04155988981518987,151693.59782544302,0.9959880067319559,3635356.2245716387,0.18173403434229213,663329.2253493663,0.11735475267653515,428344.84726935334,0.0011782959718852797,4300.78029738127,0.018405848345775144,67181.34646207928,0.001288119876954765,4701.637550884892,0.0033272136421741583,12144.32979393568,499465.2561764175,0.012517296220304293,45688.131204110665,0.22752944077322518,830482.4588222719,0.013683979621271714,49946.52561764175,0.03534571936174483,129011.87567036865,0.011725822916917357,42799.25364674835,0.003497775620466804,12766.881014703833,0.08382463437020654,305959.9154512539,0.0038237882580911876,13956.827142032835,0.009876845070649539,36050.48450787082,0.05984979703474284,218451.75917681135,0.004538382483043792,16565.096063109842,0.08786405581831822,320703.8037368615,0.009922771230862196,36218.11499264702,0.012815259044658526,46775.69551300362
Pd 4nm,18,384.2105263157895,100.0,0.000233986733986733,0.03087707660627648,3500.0,0.0,0.0,0.06813153875581744,248680.11645873365,1.238423773633985,4520246.773764045,0.07448076004281232,271854.77415626496,0.19238380319058423,702200.8816456323,0.06438381290878933,235000.91711708106,0.003675224567783322,13414.569672409125,0.0711521530809545,259705.3587454839,0.008035442150149452,29329.3638480455,0.010377773536918017,37878.87340975076,0.03087707660627648,0.000233986733986733,0.021088440986237043,76972.8095997652,0.32941239325013555,1202355.2353629947,0.023053686170251306,84145.95452141727,0.059547671377759126,217349.0005288208,2.708416513186463e-06,9.885720273130591,0.00042215987876967614,1540.8835575093178,7.64778660435733e-06,27.914421105904253,108.06976812196767,0.24600401923542795,897914.670209312,0.04156046271857906,151695.68892281357,0.9959880067319559,3635356.2245716387,0.18173403434229213,663329.2253493663,0.11735475267653517,428344.84726935334,0.0011783122147039867,4300.839583669551,0.01840584834577514,67181.34646207927,0.001288119876954765,4701.637550884892,0.0033272136421741583,12144.329793935678,499465.2561764175,0.012517468771325481,45688.761015338,0.22752944077322515,830482.4588222718,0.013683979621271714,49946.52561764175,0.03534571936174484,129011.87567036865,0.011725822916917357,42799.25364674835,0.003497823837329661,12767.057006253262,0.08382463437020654,305959.9154512539,0.0038237882580911876,13956.827142032835,0.00987684507064954,36050.48450787082,0.05984979703474284,218451.75917681135,0.004538445044679964,16565.324413081868,0.0878640558183182,320703.80373686145,0.009922771230862196,36218.11499264702,0.012815259044658526,46775.695513003615
Pt 4nm,19,300.0,1.0,18.9521829521829,2500.4621178112193,3000.0,1.0195904046287483,3721504.9768949314,0.029177184297567636,106496.72268612187,1.238423773633985,4520246.773764045,0.07448076004281232,271854.77415626496,0.19238380319058423,702200.8816456324,0.001384026556428445,5051.696930963824,0.0015739069821024145,5744.760484673813,0.07115215308095452,259705.35874548397,0.008035442150149452,29329.3638480455,0.010377773536918019,37878.87340975076,2500.4621178112193,18.9521829521829,0.009031079298077343,32963.4394379823,0.3294123932501356,1202355.235362995,0.023053686170251306,84145.95452141727,0.059547671377759126,217349.0005288208,0.08050965181710741,293860.22913244204,29.303147481504894,106956488.30749287,0.5308515329018941,1937608.0950919136,7501386.3534336565,0.425335946504673,1552476.2047420563,0.0290884409262942,106172.80938097382,1.6277923321657664,5941442.012405047,0.29701689738875214,1084111.6754689454,0.19179866148878677,700065.1144340717,0.0005046096606112212,1841.8252612309573,0.018405848345775144,67181.34646207928,0.001288119876954765,4701.637550884892,0.0033272136421741588,12144.32979393568,406421.3958454818,0.004361973044564623,15921.201612660872,0.18514367470303777,675774.4126660879,0.011134832762889912,40642.139584548175,0.028761273026544645,104978.64654688795,0.0,0.0,0.0,0.0,0.0,0.0,0.0,0.0,0.0,0.0,0.05984979703474284,218451.75917681135,0.0019435792866442962,7094.064396251681,0.08786405581831822,320703.8037368615,0.009922771230862196,36218.11499264702,0.012815259044658528,46775.69551300362
Pt 4nm,20,310.5263157894737,1.0,5.73804573804573,757.0508386528055,3000.0,1.0195904046287483,3721504.9768949314,0.04649732027806486,169715.21901493674,1.238423773633985,4520246.773764045,0.07448076004281232,271854.77415626496,0.19238380319058423,702200.8816456324,0.009258999850473567,33795.34945422852,0.0025082083414333903,9154.960446231873,0.0711521530809545,259705.3587454839,0.008035442150149452,29329.3638480455,0.010377773536918019,37878.87340975076,757.0508386528055,5.73804573804573,0.014392101112179981,52531.16905945693,0.32941239325013555,1202355.2353629947,0.023053686170251306,84145.95452141727,0.059547671377759126,217349.0005288208,0.03884519087906468,141784.94670858607,8.871948996155512,32382613.83596762,0.160722930101934,586638.694872059,2271152.5159584167,0.425335946504673,1552476.2047420563,0.04635589714022629,169199.02456182597,1.627792332165766,5941442.012405045,0.29701689738875214,1084111.6754689454,0.19179866148878674,700065.1144340716,0.0008041556294656425,2935.168047549595,0.018405848345775144,67181.34646207928,0.001288119876954765,4701.637550884892,0.0033272136421741588,12144.329793935678,215755.6059904489,0.003690226719270099,13469.32752533586,0.09828662107651323,358746.1669292733,0.005911112492889012,21575.560599044893,0.01526840356913232,55729.67302733296,0.0,0.0,0.0,0.0,0.0,0.0,0.0,0.0,0.0,0.0,0.05984979703474284,218451.75917681135,0.003097325213264204,11305.237028414345,0.0878640558183182,320703.80373686145,0.009922771230862196,36218.11499264702,0.012815259044658528,46775.69551300362
Pt 4nm,21,321.0526315789474,1.0,2.2,290.25768024,3000.0,1.0195904046287483,3721504.9768949314,0.055497743492801205,202566.7637487244,1.238423773633985,4520246.773764045,0.07448076004281232,271854.77415626496,0.1923838031905842,702200.8816456323,0.017133973144518685,62539.0019774932,0.002993718827814734,10927.073721523779,0.07115215308095449,259705.35874548389,0.008035442150149452,29329.3638480455,0.010377773536918015,37878.873409750755,290.25768024,2.2,0.01717796060223764,62699.55619816739,0.3294123932501356,1202355.235362995,0.023053686170251306,84145.95452141727,0.05954767137775912,217349.0005288208,0.017776380423816598,64883.78854693058,3.4015566767144123,12415681.870007604,0.06162210312821261,224920.67641797604,870773.0407200002,0.425335946504673,1552476.2047420563,0.055328945270005245,201950.65023551913,1.6277923321657661,5941442.012405046,0.29701689738875214,1084111.6754689454,0.19179866148878671,700065.1144340716,0.0009598149438609689,3503.3245450925365,0.018405848345775144,67181.34646207928,0.001288119876954765,4701.637550884892,0.003327213642174158,12144.329793935678,135148.74004951512,0.0027589914990170166,10070.31897141211,0.06156647907819789,224717.64863542232,0.0037027052068360302,13514.87400495151,0.009564087549257468,34908.91955478976,0.0,0.0,0.0,0.0,0.0,0.0,0.0,0.0,0.0,0.0,0.05984979703474284,218451.75917681135,0.0036968702534157425,13493.57642496746,0.08786405581831822,320703.8037368615,0.009922771230862196,36218.11499264702,0.012815259044658524,46775.695513003615
Pt 4nm,22,331.578947368421,1.0,1.0,131.93530919999998,3000.0,1.0195904046287483,3721504.9768949314,0.059474023138165806,217080.18445430518,1.238423773633985,4520246.773764045,0.07448076004281232,271854.77415626496,0.19238380319058423,702200.8816456324,0.025008946438563724,91282.65450075759,0.0032082115709391214,11709.972233927792,0.07115215308095452,259705.35874548397,0.008035442150149452,29329.3638480455,0.010377773536918017,37878.87340975076,131.93530919999998,1.0,0.01840872010330479,67191.82837706248,0.3294123932501356,1202355.235362995,0.023053686170251306,84145.95452141727,0.059547671377759126,217349.00052882082,0.008659097847137472,31605.707142051775,1.5461621257792781,5643491.759094365,0.028010046876460273,102236.67109908,395805.92759999994,0.425335946504673,1552476.2047420563,0.059293130929286175,216419.92789189453,1.6277923321657664,5941442.012405047,0.29701689738875214,1084111.6754689454,0.19179866148878674,700065.1144340717,0.0010285833727086426,3754.329310386545,0.018405848345775144,67181.34646207928,0.001288119876954765,4701.637550884892,0.0033272136421741583,12144.329793935678,98592.2842915199,0.0021569162489042666,7872.7443085005725,0.04491332886922741,163933.65037268004,0.0027011584737402713,9859.22842915199,0.006977092337671121,25466.38703249959,0.0,0.0,0.0,0.0,0.0,0.0,0.0,0.0,0.0,0.0,0.05984979703474284,218451.75917681135,0.0039617421025228625,14460.358674208448,0.0878640558183182,320703.80373686145,0.009922771230862196,36218.11499264702,0.012815259044658526,46775.695513003615
Pt 4nm,23,342.1052631578947,1.0,0.45,59.37088914,3000.0,1.0195904046287483,3721504.9768949314,0.06158435999159586,224782.9139693249,1.238423773633985,4520246.773764045,0.07448076004281232,271854.77415626496,0.19238380319058423,702200.8816456324,0.032883919732608846,120026.30702402229,0.003322049625849666,12125.481134351281,0.0711521530809545,259705.3587454839,0.008035442150149452,29329.3638480455,0.010377773536918015,37878.873409750755,59.37088914,0.45,0.019061922937224945,69576.01872087104,0.3294123932501356,1202355.235362995,0.023053686170251306,84145.95452141727,0.059547671377759126,217349.00052882082,0.004034858193496944,14727.232406263845,0.6957729566006753,2539571.291592465,0.012604521094407127,46006.50199458601,178112.66742,0.425335946504673,1552476.2047420563,0.06139704912336287,224099.22930027448,1.627792332165766,5941442.012405045,0.29701689738875214,1084111.6754689454,0.19179866148878671,700065.1144340716,0.0010650809439795438,3887.5454455253343,0.018405848345775144,67181.34646207928,0.001288119876954765,4701.637550884892,0.0033272136421741583,12144.329793935678,71635.44027670693,0.001622786561629901,5923.170949949138,0.03263324418294638,119111.34126775428,0.0019626148021015593,7163.544027670692,0.005069434033828328,18503.4342234734,0.0,0.0,0.0,0.0,0.0,0.0,0.0,0.0,0.0,0.0,0.05984979703474284,218451.75917681135,0.004102317935829392,14973.46046577728,0.0878640558183182,320703.80373686145,0.009922771230862196,36218.11499264702,0.012815259044658524,46775.695513003615
Pt 4nm,24,352.6315789473684,1.0,0.21,27.706414931999998,3000.0,1.0195904046287483,3721504.9768949314,0.06254334320494796,228283.20269806005,1.2384237736339851,4520246.773764046,0.07448076004281232,271854.77415626496,0.19238380319058423,702200.8816456324,0.04075889302665397,148769.95954728697,0.0033737801273202865,12314.297464719046,0.07115215308095452,259705.35874548397,0.008035442150149452,29329.3638480455,0.010377773536918017,37878.87340975076,27.706414931999998,0.21,0.019358752588673863,70659.44694865959,0.3294123932501356,1202355.235362995,0.023053686170251306,84145.95452141727,0.05954767137775912,217349.0005288208,0.0019122546110682348,6979.729330399057,0.3246940464136484,1185133.2694098167,0.005882109844056658,21469.7009308068,83119.244796,0.425335946504673,1552476.2047420563,0.06235311555754672,227588.8717850455,1.6277923321657661,5941442.012405046,0.29701689738875214,1084111.6754689454,0.19179866148878674,700065.1144340716,0.0010816662384646528,3948.0817703959824,0.018405848345775144,67181.34646207928,0.001288119876954765,4701.637550884892,0.0033272136421741583,12144.329793935678,60910.39709468507,0.0014013143164639775,5114.797255093517,0.02774749277722259,101278.34863686246,0.0016687780025941114,6091.039709468507,0.004310453580700591,15733.155569557157,0.0,0.0,0.0,0.0,0.0,0.0,0.0,0.0,0.0,0.0,0.05984979703474284,218451.75917681135,0.004166198668483438,15206.625139964548,0.08786405581831822,320703.8037368615,0.009922771230862196,36218.11499264702,0.012815259044658526,46775.69551300362
Pt 4nm,25,363.1578947368421,1.0,0.1,13.193530919999999,3000.0,1.0195904046287483,3721504.9768949314,0.06294702569667418,229756.64379286076,1.238423773633985,4520246.773764045,0.07448076004281232,271854.77415626496,0.19238380319058423,702200.8816456324,0.04863386632069909,177513.61207055167,0.003395556001434821,12393.779405237095,0.0711521530809545,259705.3587454839,0.008035442150149452,29329.3638480455,0.010377773536918017,37878.87340975076,13.193530919999999,0.1,0.01948370256865973,71115.514375608,0.3294123932501356,1202355.235362995,0.023053686170251306,84145.95452141727,0.05954767137775913,217349.00052882082,0.0009164748337732657,3345.13314327242,0.15461621257792782,564349.1759094365,0.002801004687646028,10223.667109908001,39580.59276,0.425335946504673,1552476.2047420563,0.06275557023561984,229057.83136001238,1.6277923321657661,5941442.012405046,0.29701689738875214,1084111.6754689454,0.19179866148878674,700065.1144340716,0.0010886477923756533,3973.564442171134,0.018405848345775144,67181.34646207928,0.001288119876954765,4701.637550884892,0.0033272136421741588,12144.32979393568,60910.39709468507,0.0014103590209197036,5147.810426356918,0.02774749277722259,101278.34863686246,0.0016687780025941114,6091.039709468507,0.004310453580700591,15733.155569557155,0.0,0.0,0.0,0.0,0.0,0.0,0.0,0.0,0.0,0.0,0.05984979703474284,218451.75917681135,0.004193089163511961,15304.775446818656,0.08786405581831822,320703.8037368615,0.009922771230862196,36218.11499264702,0.012815259044658528,46775.69551300362
Pt 4nm,26,373.6842105263158,1.0,0.052,6.860636078399999,3000.0,1.0195904046287483,3721504.9768949314,0.06312481576518403,230405.5775429217,1.238423773633985,4520246.773764045,0.07448076004281232,271854.77415626496,0.1923838031905842,702200.8816456323,0.05650883961474421,206257.26459381636,0.003405146544076711,12428.784885879995,0.07115215308095449,259705.35874548389,0.008035442150149452,29329.3638480455,0.010377773536918015,37878.873409750755,6.860636078399999,0.052,0.019538733108644252,71316.37584655151,0.3294123932501356,1202355.235362995,0.023053686170251306,84145.95452141727,0.059547671377759126,217349.0005288208,0.00047791294799778405,1744.3822601919117,0.08040043054052244,293461.5714729069,0.0014565224375759338,5316.306897152159,20581.908235199997,0.425335946504673,1552476.2047420563,0.06293281954975471,229704.79135660466,1.6277923321657661,5941442.012405046,0.29701689738875214,1084111.6754689454,0.19179866148878674,700065.1144340716,0.0010917226122491486,3984.7875347093923,0.018405848345775144,67181.34646207928,0.001288119876954765,4701.637550884892,0.0033272136421741583,12144.329793935678,60910.39709468507,0.0014143424947086175,5162.350105686453,0.027747492777222587,101278.34863686244,0.0016687780025941114,6091.039709468507,0.00431045358070059,15733.155569557153,0.0,0.0,0.0,0.0,0.0,0.0,0.0,0.0,0.0,0.0,0.05984979703474284,218451.75917681135,0.004204932290353902,15348.002859791743,0.0878640558183182,320703.80373686145,0.009922771230862196,36218.11499264702,0.012815259044658524,46775.695513003615
Pt 4nm,27,384.2105263157895,1.0,0.03,3.9580592759999993,3000.0,1.0195904046287483,3721504.9768949314,0.06320663895831702,230704.23219785714,1.238423773633985,4520246.773764045,0.07448076004281232,271854.77415626496,0.19238380319058423,702200.8816456324,0.06438381290878933,235000.91711708106,0.0034095603385558676,12444.895235728916,0.07115215308095452,259705.35874548397,0.008035442150149452,29329.3638480455,0.010377773536918019,37878.87340975076,3.9580592759999993,0.03,0.019564059464267522,71408.81704457646,0.3294123932501356,1202355.235362995,0.023053686170251306,84145.95452141727,0.05954767137775913,217349.00052882082,0.0002760763989636019,1007.6788562171469,0.046384863773378346,169304.75277283095,0.0008403014062938083,3067.1001329724,11874.177827999998,0.425335946504673,1552476.2047420563,0.06301439387493893,230002.53764352706,1.627792332165766,5941442.012405045,0.29701689738875214,1084111.6754689454,0.19179866148878674,700065.1144340716,0.001093137717054872,3989.9526672502825,0.018405848345775144,67181.34646207928,0.001288119876954765,4701.637550884892,0.0033272136421741588,12144.329793935678,60910.39709468507,0.0014161757835301047,5169.041609884882,0.02774749277722259,101278.34863686246,0.0016687780025941114,6091.039709468507,0.004310453580700591,15733.155569557157,0.0,0.0,0.0,0.0,0.0,0.0,0.0,0.0,0.0,0.0,0.05984979703474284,218451.75917681135,0.004210382777341217,15367.897137295442,0.08786405581831822,320703.8037368615,0.009922771230862196,36218.11499264702,0.012815259044658526,46775.69551300362
Pt 4nm,28,300.0,100.0,18.9521829521829,2500.4621178112193,3000.0,0.0,0.0,0.025630407799036903,93550.9884664847,1.238423773633985,4520246.773764045,0.07448076004281232,271854.77415626496,0.19238380319058423,702200.8816456324,0.001384026556428445,5051.696930963824,0.0013825829585755918,5046.42779880091,0.0711521530809545,259705.3587454839,0.008035442150149452,29329.3638480455,0.010377773536918015,37878.87340975076,2500.4621178112193,18.9521829521829,0.007933261925293417,28956.406027320972,0.32941239325013555,1202355.2353629947,0.023053686170251306,84145.95452141727,0.05954767137775912,217349.0005288208,0.07072290412899641,258138.6000708369,29.30314748150489,106956488.30749285,0.5308515329018941,1937608.0950919136,7501386.3534336565,0.24600401923542795,897914.670209312,0.015634633053152606,57066.410644007,0.9959880067319559,3635356.2245716387,0.18173403434229213,663329.2253493663,0.11735475267653515,428344.84726935334,0.00044326934528351325,1617.9331102848232,0.018405848345775144,67181.34646207928,0.001288119876954765,4701.637550884892,0.0033272136421741583,12144.32979393568,3332655.4459329504,0.0314202016124403,114683.73588540709,1.5181781325649093,5541350.183861919,0.09130562865569729,333265.5445932951,0.23584243881766603,860824.9016844812,0.011725822916917357,42799.25364674835,0.0013158465667604854,4802.839968675772,0.08382463437020654,305959.9154512539,0.0038237882580911876,13956.827142032835,0.00987684507064954,36050.484507870824,0.05984979703474284,218451.75917681135,0.0017073179234298964,6231.710420519122,0.08786405581831822,320703.8037368615,0.009922771230862196,36218.11499264702,0.012815259044658526,46775.69551300362
Pt 4nm,29,310.5263157894737,100.0,5.73804573804573,757.0508386528055,3000.0,0.0,0.0,0.0434473641576405,158582.87917538782,1.238423773633985,4520246.773764045,0.07448076004281232,271854.77415626496,0.1923838031905842,702200.8816456324,0.009258999850473567,33795.34945422852,0.0023436843358239086,8554.447825757266,0.0711521530809545,259705.3587454839,0.008035442150149452,29329.3638480455,0.010377773536918017,37878.87340975076,757.0508386528055,5.73804573804573,0.013448062259825578,49085.427248363354,0.32941239325013555,1202355.2353629947,0.023053686170251306,84145.95452141727,0.059547671377759126,217349.00052882082,0.03629717032729652,132484.6716946323,8.871948996155512,32382613.83596762,0.160722930101934,586638.6948720592,2271152.5159584167,0.24600401923542795,897914.670209312,0.02650303503001341,96736.07785954894,0.9959880067319555,3635356.224571638,0.18173403434229213,663329.2253493663,0.11735475267653514,428344.8472693533,0.0007514076566965651,2742.637946942463,0.018405848345775144,67181.34646207928,0.001288119876954765,4701.637550884892,0.0033272136421741588,12144.32979393568,1769195.9691216808,0.028274986810595967,103203.70185867528,0.8059502928274083,2941718.56882004,0.048471122441689884,176919.59691216808,0.12520090926688499,456983.31882413017,0.011725822916917357,42799.25364674835,0.002230556197540176,8141.530121021641,0.08382463437020654,305959.9154512539,0.0038237882580911876,13956.827142032835,0.009876845070649539,36050.48450787082,0.05984979703474284,218451.75917681135,0.002894158537536521,10563.6786620083,0.0878640558183182,320703.80373686145,0.009922771230862196,36218.11499264702,0.012815259044658524,46775.695513003615
Pt 4nm,30,321.0526315789474,100.0,2.2,290.25768024,3000.0,0.0,0.0,0.05506103074761148,200972.76222878188,1.238423773633985,4520246.773764045,0.07448076004281232,271854.77415626496,0.1923838031905842,702200.8816456324,0.017133973144518685,62539.0019774932,0.0029701612003268573,10841.088381193029,0.0711521530809545,259705.3587454839,0.008035442150149452,29329.3638480455,0.010377773536918015,37878.873409750755,290.25768024,2.2,0.017042786920224113,62206.172258818006,0.32941239325013555,1202355.2353629947,0.023053686170251306,84145.95452141727,0.05954767137775912,217349.0005288208,0.01763649776542655,64373.216843806906,3.4015566767144123,12415681.870007604,0.06162210312821261,224920.67641797604,870773.0407200002,0.24600401923542795,897914.670209312,0.03358740984603476,122594.04593802686,0.9959880067319559,3635356.2245716387,0.18173403434229213,663329.2253493663,0.11735475267653514,428344.8472693533,0.0009522621427446133,3475.7568210178383,0.018405848345775144,67181.34646207928,0.001288119876954765,4701.637550884892,0.0033272136421741583,12144.329793935678,1108219.668406024,0.022445703749950374,81926.81868731887,0.5048451284412228,1842684.718810463,0.030362182696055454,110821.96684060241,0.07842551790391124,286253.140349276,0.011725822916917357,42799.25364674835,0.002826793425981328,10317.796004831847,0.08382463437020654,305959.9154512539,0.0038237882580911876,13956.827142032835,0.009876845070649539,36050.48450787082,0.05984979703474284,218451.75917681135,0.0036677795146690608,13387.395228542071,0.0878640558183182,320703.80373686145,0.009922771230862196,36218.11499264702,0.012815259044658524,46775.695513003615
Pt 4nm,31,331.578947368421,100.0,0.83,109.50630663599998,3000.0,0.0,0.0,0.06233681280820513,227529.36674994873,1.2384237736339851,4520246.773764046,0.07448076004281232,271854.77415626496,0.19238380319058423,702200.8816456324,0.025008946438563724,91282.65450075759,0.0033626392430548702,12273.633237150276,0.07115215308095452,259705.35874548397,0.008035442150149452,29329.3638480455,0.010377773536918017,37878.87340975076,109.50630663599998,0.83,0.019294826187434267,70426.11558413507,0.3294123932501356,1202355.235362995,0.023053686170251306,84145.95452141727,0.059547671377759126,217349.0005288208,0.007533000837604303,27495.453057255705,1.2833145643968005,4684098.160048322,0.023248338907462023,84856.43701223639,328518.9199079999,0.24600401923542795,897914.670209312,0.03802566083228581,138793.66203784323,0.9959880067319559,3635356.2245716387,0.18173403434229213,663329.2253493663,0.11735475267653515,428344.8472693533,0.0010780943642103237,3935.044429367681,0.018405848345775144,67181.34646207928,0.001288119876954765,4701.637550884892,0.0033272136421741588,12144.32979393568,750391.694038549,0.01720662317198264,62804.17457773664,0.3418379965255439,1247708.6873182354,0.020558676549001342,75039.1694038549,0.053103061526070465,193826.1745701572,0.011725822916917357,42799.25364674835,0.0032003268055512558,11681.192840262083,0.08382463437020654,305959.9154512539,0.0038237882580911876,13956.827142032835,0.009876845070649539,36050.48450787082,0.05984979703474284,218451.75917681135,0.0041524410626405306,15156.409878637935,0.08786405581831822,320703.8037368615,0.009922771230862196,36218.11499264702,0.012815259044658526,46775.69551300362
Pt 4nm,32,342.1052631578947,100.0,0.35,46.177358219999995,3000.0,0.0,0.0,0.06632045085024017,242069.64560337664,1.238423773633985,4520246.773764045,0.07448076004281232,271854.77415626496,0.19238380319058426,702200.8816456326,0.032883919732608846,120026.30702402229,0.003577528920707914,13057.980560583885,0.07115215308095452,259705.35874548397,0.008035442150149452,29329.3638480455,0.010377773536918019,37878.87340975076,46.177358219999995,0.35,0.020527863299087814,74926.70104167052,0.32941239325013555,1202355.2353629947,0.023053686170251306,84145.95452141727,0.059547671377759126,217349.0005288208,0.003379565312834732,12335.41339184677,0.5411567440227472,1975222.115683027,0.009803516406761095,35782.83488467799,138532.07465999998,0.24600401923542795,897914.670209312,0.040455693139697546,147663.27995989606,0.9959880067319559,3635356.2245716387,0.18173403434229213,663329.2253493663,0.11735475267653518,428344.8472693534,0.0011469900540715563,4186.513697361181,0.018405848345775144,67181.34646207928,0.001288119876954765,4701.637550884892,0.0033272136421741588,12144.32979393568,531231.7200855726,0.012959686763408581,47302.856686441315,0.24200052896046823,883301.930705709,0.014554293700974592,53123.17200855726,0.03759374062961737,137217.1532981034,0.011725822916917357,42799.25364674835,0.0034048438964195973,12427.680221931529,0.08382463437020654,305959.9154512539,0.0038237882580911876,13956.827142032835,0.00987684507064954,36050.484507870824,0.05984979703474284,218451.75917681135,0.004417803076501237,16124.981229229517,0.08786405581831822,320703.8037368615,0.009922771230862196,36218.11499264702,0.012815259044658528,46775.69551300362
Pt 4nm,33,352.6315789473684,100.0,0.15,19.790296379999997,3000.0,0.0,0.0,0.06748977217683921,246337.66844546312,1.238423773633985,4520246.773764045,0.07448076004281232,271854.77415626496,0.1923838031905842,702200.8816456323,0.04075889302665397,148769.95954728697,0.0036406057063732428,13288.210828262336,0.07115215308095449,259705.35874548389,0.008035442150149452,29329.3638480455,0.010377773536918015,37878.873409750755,19.790296379999997,0.15,0.020889797936705656,76247.76246897563,0.32941239325013555,1202355.2353629947,0.023053686170251306,84145.95452141727,0.05954767137775912,217349.0005288208,0.0014739221683455715,5379.815914461336,0.23192431886689163,846523.7638641545,0.00420150703146904,15335.500664861996,59370.88914,0.24600401923542795,897914.670209312,0.04116898299469894,150266.78793065113,0.9959880067319555,3635356.224571638,0.18173403434229213,663329.2253493663,0.11735475267653514,428344.8472693533,0.0011672130759965951,4260.327727387572,0.01840584834577514,67181.34646207927,0.001288119876954765,4701.637550884892,0.0033272136421741583,12144.329793935678,499465.2561764175,0.01239956018952122,45258.39469175245,0.22752944077322515,830482.4588222718,0.013683979621271714,49946.52561764175,0.03534571936174483,129011.87567036864,0.011725822916917357,42799.25364674835,0.003464876006135112,12646.797422393158,0.08382463437020654,305959.9154512539,0.0038237882580911876,13956.827142032835,0.009876845070649539,36050.48450787082,0.05984979703474284,218451.75917681135,0.004495695058353605,16409.286962990656,0.0878640558183182,320703.80373686145,0.009922771230862196,36218.11499264702,0.012815259044658524,46775.69551300361
Pt 4nm,34,363.1578947368421,100.0,0.069,9.103536334800001,3000.0,0.0,0.0,0.06783544927602841,247599.38985750373,1.238423773633985,4520246.773764045,0.07448076004281232,271854.77415626496,0.1923838031905842,702200.8816456324,0.04863386632069909,177513.61207055167,0.0036592525913645463,13356.271958480593,0.07115215308095452,259705.35874548397,0.008035442150149452,29329.3638480455,0.010377773536918017,37878.87340975076,9.103536334800001,0.069,0.020996793775045246,76638.29727891514,0.3294123932501356,1202355.235362995,0.023053686170251306,84145.95452141727,0.059547671377759126,217349.0005288208,0.0006814768795454414,2487.3906103408613,0.10668518667877021,389400.93137751124,0.0019326932344757594,7054.330305836522,27310.60900440001,0.24600401923542795,897914.670209312,0.04137984716210031,151036.4421416661,0.9959880067319559,3635356.2245716387,0.18173403434229213,663329.2253493663,0.11735475267653514,428344.8472693533,0.0011731914460107805,4282.148777939348,0.018405848345775144,67181.34646207928,0.001288119876954765,4701.637550884892,0.0033272136421741583,12144.329793935678,499465.2561764175,0.01246306972377042,45490.20449176203,0.22752944077322515,830482.4588222718,0.013683979621271714,49946.52561764175,0.03534571936174483,129011.87567036864,0.011725822916917357,42799.25364674835,0.0034826228179588754,12711.573285549895,0.08382463437020654,305959.9154512539,0.0038237882580911876,13956.827142032835,0.009876845070649539,36050.48450787082,0.05984979703474284,218451.75917681135,0.004518721641145127,16493.33399017971,0.08786405581831822,320703.8037368615,0.009922771230862196,36218.11499264702,0.012815259044658526,46775.695513003615
Pt 4nm,35,373.6842105263158,100.0,0.033,4.353865203600001,3000.0,0.0,0.0,0.06799022277214024,248164.3131183119,1.2384237736339851,4520246.773764046,0.07448076004281232,271854.77415626496,0.19238380319058423,702200.8816456324,0.05650883961474421,206257.26459381636,0.0036676015493616724,13386.745655170103,0.07115215308095452,259705.35874548397,0.008035442150149452,29329.3638480455,0.010377773536918017,37878.87340975076,4.353865203600001,0.033,0.02104470010152182,76813.15537055465,0.3294123932501356,1202355.235362995,0.023053686170251306,84145.95452141727,0.059547671377759126,217349.00052882082,0.0003266673532197874,1192.335839252224,0.05102335015071619,186235.2280501141,0.0009243315469231893,3373.810146269641,13061.595610800003,0.24600401923542795,897914.670209312,0.04147425950376242,151381.04718873283,0.995988006731956,3635356.224571639,0.18173403434229213,663329.2253493663,0.11735475267653517,428344.84726935334,0.0011758682019495333,4291.918937115796,0.018405848345775144,67181.34646207928,0.001288119876954765,4701.637550884892,0.0033272136421741588,12144.32979393568,499465.2561764175,0.012491505488463072,45593.99503289021,0.22752944077322523,830482.4588222721,0.013683979621271714,49946.52561764175,0.03534571936174484,129011.87567036867,0.011725822916917357,42799.25364674835,0.003490568777113373,12740.576036463812,0.08382463437020654,305959.9154512539,0.0038237882580911876,13956.827142032835,0.009876845070649539,36050.48450787082,0.05984979703474284,218451.75917681135,0.004529031565437223,16530.965213845866,0.08786405581831822,320703.8037368615,0.009922771230862196,36218.11499264702,0.012815259044658528,46775.69551300362
Pt 4nm,36,384.2105263157895,100.0,0.017,2.2429002563999996,3000.0,0.0,0.0,0.06805923792446808,248416.2184243085,1.238423773633985,4520246.773764045,0.07448076004281232,271854.77415626496,0.19238380319058423,702200.8816456324,0.06438381290878933,235000.91711708106,0.003671324438760863,13400.334201477148,0.0711521530809545,259705.3587454839,0.008035442150149452,29329.3638480455,0.010377773536918017,37878.87340975076,2.2429002563999996,0.017,0.021066062043342014,76891.12645819834,0.3294123932501356,1202355.235362995,0.023053686170251306,84145.95452141727,0.059547671377759126,217349.00052882082,0.0001684540019555807,614.8571071378695,0.026284756138247715,95939.35990460416,0.00047617079689982455,1738.0234086843595,6728.700769199999,0.24600401923542795,897914.670209312,0.04151635897366605,151534.71025388106,0.9959880067319559,3635356.2245716387,0.18173403434229213,663329.2253493663,0.11735475267653517,428344.84726935334,0.0011770617959659402,4296.275555275682,0.018405848345775144,67181.34646207928,0.001288119876954765,4701.637550884892,0.0033272136421741583,12144.329793935678,499465.2561764175,0.012504185299161434,45640.276341939236,0.22752944077322518,830482.4588222719,0.013683979621271714,49946.52561764175,0.03534571936174484,129011.87567036865,0.011725822916917357,42799.25364674835,0.003494111965031298,12753.508672364238,0.08382463437020654,305959.9154512539,0.0038237882580911876,13956.827142032835,0.009876845070649539,36050.48450787082,0.05984979703474284,218451.75917681135,0.004533628870617907,16547.74537775536,0.0878640558183182,320703.80373686145,0.009922771230862196,36218.11499264702,0.012815259044658526,46775.695513003615
Cu 4nm,37,300.0,1.0,1.54360954360954,203.63528023284775,1400.0,1.0195904046287483,3721504.9768949314,0.06025058814027258,219914.64671199492,1.2384237736339851,4520246.773764046,0.07448076004281232,271854.77415626496,0.19238380319058426,702200.8816456326,0.001384026556428445,5051.696930963824,0.003250101873526479,11862.871838371648,0.0711521530809545,259705.3587454839,0.008035442150149452,29329.3638480455,0.010377773536918017,37878.87340975076,203.63528023284775,1.54360954360954,0.01864908668709206,68069.166407886,0.3294123932501356,1202355.235362995,0.023053686170251306,84145.95452141727,0.05954767137775913,217349.00052882082,0.006318374806366363,23062.068043237225,1.1136630104270082,4064869.98805858,0.02017495617474039,73638.59003780241,285089.3923259869,0.425335946504673,1552476.2047420563,0.060067333983248906,219245.7690388585,1.6277923321657661,5941442.012405046,0.29701689738875214,1084111.6754689454,0.19179866148878674,700065.1144340716,0.001042013805136912,3803.350388749729,0.018405848345775144,67181.34646207928,0.001288119876954765,4701.637550884892,0.0033272136421741588,12144.329793935678,117289.16944137613,0.002599454603385027,9488.009302355349,0.053430621653343335,195021.76903470317,0.003213401902503456,11728.916944137614,0.008300217114166428,30295.792466707462,0.0,0.0,0.0,0.0,0.0,0.0,0.0,0.0,0.0,0.0,0.05984979703474284,218451.75917681135,0.004013471413940806,14649.170660883941,0.08786405581831822,320703.8037368615,0.009922771230862196,36218.11499264702,0.012815259044658528,46775.69551300362
Cu 4nm,38,310.5263157894737,1.0,1.02910602910602,135.76120690228566,1400.0,1.0195904046287483,3721504.9768949314,0.06122871769197036,223484.8195756918,1.238423773633985,4520246.773764045,0.07448076004281232,271854.77415626496,0.1923838031905842,702200.8816456323,0.009258999850473567,33795.34945422852,0.0033028651873239037,12055.457933732248,0.0711521530809545,259705.3587454839,0.008035442150149452,29329.3638480455,0.010377773536918017,37878.87340975076,135.76120690228566,1.02910602910602,0.018951842616351206,69174.2255496819,0.32941239325013555,1202355.2353629947,0.023053686170251306,84145.95452141727,0.059547671377759126,217349.00052882082,0.004280770308866591,15624.811627363057,0.7424658153789553,2710000.226133187,0.013450402093151929,49093.96764000454,190065.68966319994,0.425335946504673,1552476.2047420563,0.061042488521556956,222805.08310368287,1.627792332165766,5941442.012405045,0.29701689738875214,1084111.6754689454,0.19179866148878671,700065.1144340716,0.0010589302291510406,3865.095336401298,0.018405848345775144,67181.34646207928,0.001288119876954765,4701.637550884892,0.0033272136421741583,12144.329793935678,99730.2661295193,0.0022461832164401914,8198.568740006698,0.04543173203743223,165825.82193662765,0.002732336058342994,9973.02661295193,0.007057624038699955,25760.327741254834,0.0,0.0,0.0,0.0,0.0,0.0,0.0,0.0,0.0,0.0,0.05984979703474284,218451.75917681135,0.004078627541308894,14886.99052577746,0.0878640558183182,320703.80373686145,0.009922771230862196,36218.11499264702,0.012815259044658526,46775.695513003615
Cu 4nm,39,321.0526315789474,1.0,0.78,102.89876688,1400.0,1.0195904046287483,3721504.9768949314,0.06173141800404718,225319.67571477222,1.238423773633985,4520246.773764045,0.07448076004281232,271854.77415626496,0.19238380319058423,702200.8816456324,0.017133973144518685,62539.0019774932,0.0033299823869485687,12154.435712362276,0.07115215308095452,259705.35874548397,0.008035442150149452,29329.3638480455,0.010377773536918019,37878.87340975076,102.89876688,0.78,0.019107441125625884,69742.16010853447,0.3294123932501356,1202355.235362995,0.023053686170251306,84145.95452141727,0.05954767137775913,217349.00052882082,0.003271202992155899,11939.890921369031,0.5627440901290485,2054015.928971027,0.010194589610724824,37210.252079145605,144058.273632,0.425335946504673,1552476.2047420563,0.061543659854004396,224634.35846711605,1.6277923321657661,5941442.012405046,0.29701689738875214,1084111.6754689454,0.19179866148878677,700065.1144340717,0.00106762426320447,3896.828560696316,0.018405848345775144,67181.34646207928,0.001288119876954765,4701.637550884892,0.0033272136421741588,12144.32979393568,89264.90970321962,0.002026982778244503,7398.487140592434,0.040664279915942965,148424.62169319182,0.0024456139644717704,8926.490970321962,0.006317020870230583,23057.12617634163,0.0,0.0,0.0,0.0,0.0,0.0,0.0,0.0,0.0,0.0,0.05984979703474284,218451.75917681135,0.0041121139087382415,15009.215766894582,0.08786405581831822,320703.8037368615,0.009922771230862196,36218.11499264702,0.012815259044658528,46775.69551300363
Cu 4nm,40,331.578947368421,1.0,0.58,76.51446767999998,1400.0,1.0195904046287483,3721504.9768949314,0.06215534705148867,226867.01673793362,1.238423773633985,4520246.773764045,0.07448076004281232,271854.77415626496,0.19238380319058423,702200.8816456324,0.025008946438563724,91282.65450075759,0.003352850422495775,12237.904042109578,0.07115215308095452,259705.35874548397,0.008035442150149452,29329.3638480455,0.010377773536918017,37878.87340975076,76.51446767999998,0.58,0.019238657928630467,70221.1014395012,0.3294123932501356,1202355.235362995,0.023053686170251306,84145.95452141727,0.059547671377759126,217349.00052882082,0.0024491372759660613,8939.351057276124,0.41845073368570257,1527345.1779528144,0.007580592274641533,27669.161802441595,107120.25475199998,0.425335946504673,1552476.2047420563,0.06196629950722377,226176.99320136674,1.6277923321657661,5941442.012405046,0.29701689738875214,1084111.6754689454,0.19179866148878674,700065.1144340717,0.0010749559745365507,3923.58930705841,0.018405848345775144,67181.34646207928,0.001288119876954765,4701.637550884892,0.0033272136421741588,12144.32979393568,79289.21649689873,0.0018128240653859373,6616.807838658671,0.03611989195603701,131837.6056395351,0.002172307301284897,7928.921649689873,0.005611069759218889,20480.404621148944,0.0,0.0,0.0,0.0,0.0,0.0,0.0,0.0,0.0,0.0,0.05984979703474284,218451.75917681135,0.004140353087241933,15112.288768433053,0.08786405581831822,320703.8037368615,0.009922771230862196,36218.11499264702,0.012815259044658526,46775.69551300362
Cu 4nm,41,342.1052631578947,1.0,0.41,54.08781336,1400.0,1.0195904046287483,3721504.9768949314,0.06253679980420193,228259.31928533703,1.238423773633985,4520246.773764045,0.07448076004281232,271854.77415626496,0.1923838031905842,702200.8816456323,0.032883919732608846,120026.30702402229,0.003373427156176264,12313.009120043362,0.0711521530809545,259705.3587454839,0.008035442150149452,29329.3638480455,0.010377773536918015,37878.87340975076,54.08781336,0.41,0.019356727240017396,70652.05442606349,0.32941239325013555,1202355.2353629947,0.023053686170251306,84145.95452141727,0.05954767137775911,217349.00052882076,0.001741911751601575,6357.977893345748,0.29580138070885875,1079675.0395873345,0.0053586945389707385,19559.235067243197,75722.938704,0.425335946504673,1552476.2047420563,0.06234659205877053,227565.0610145124,1.6277923321657661,5941442.012405046,0.29701689738875214,1084111.6754689454,0.19179866148878671,700065.1144340716,0.0010815530725334914,3947.6687147472435,0.01840584834577514,67181.34646207927,0.001288119876954765,4701.637550884892,0.003327213642174158,12144.329793935676,69017.0626087038,0.001587651436628307,5794.92774369332,0.031440452493901594,114757.65160274082,0.0018908784276357204,6901.706260870379,0.004884138978583066,17827.10727182819,0.0,0.0,0.0,0.0,0.0,0.0,0.0,0.0,0.0,0.0,0.05984979703474284,218451.75917681135,0.004165762793039649,15205.034194594717,0.0878640558183182,320703.80373686145,0.009922771230862196,36218.11499264702,0.012815259044658524,46775.695513003615
Cu 4nm,42,352.6315789473684,1.0,0.29,38.25723383999999,1400.0,1.0195904046287483,3721504.9768949314,0.06281684317981892,229281.47760633906,1.238423773633985,4520246.773764045,0.07448076004281232,271854.77415626496,0.19238380319058423,702200.8816456323,0.04075889302665397,148769.95954728697,0.0033885335564265394,12368.147480956868,0.0711521530809545,259705.3587454839,0.008035442150149452,29329.3638480455,0.010377773536918017,37878.873409750755,38.25723383999999,0.29,0.019443407774585263,70968.43837723622,0.32941239325013555,1202355.2353629947,0.023053686170251306,84145.95452141727,0.059547671377759126,217349.0005288208,0.001237601264318934,4517.244614764109,0.2092253668428513,763672.5889764073,0.0037902961373207666,13834.580901220797,53560.12737599999,0.425335946504673,1552476.2047420563,0.06262578367319625,228584.11040716633,1.627792332165766,5941442.012405045,0.29701689738875214,1084111.6754689454,0.19179866148878671,700065.1144340715,0.001086396329212591,3965.346601625957,0.01840584834577514,67181.34646207927,0.001288119876954765,4701.637550884892,0.0033272136421741583,12144.329793935678,60910.39709468507,0.0014074422177033357,5137.164094617175,0.027747492777222587,101278.34863686244,0.0016687780025941114,6091.039709468507,0.00431045358070059,15733.155569557153,0.0,0.0,0.0,0.0,0.0,0.0,0.0,0.0,0.0,0.0,0.05984979703474284,218451.75917681135,0.004184417317707285,15273.12320963159,0.0878640558183182,320703.80373686145,0.009922771230862196,36218.11499264702,0.012815259044658526,46775.695513003615
Cu 4nm,43,363.1578947368421,1.0,0.22,29.022729119999997,1400.0,1.0195904046287483,3721504.9768949314,0.0629372175194533,229720.84394600452,1.238423773633985,4520246.773764045,0.07448076004281232,271854.77415626496,0.1923838031905842,702200.8816456323,0.04863386632069909,177513.61207055167,0.003395026918215131,12391.848251485228,0.0711521530809545,259705.3587454839,0.008035442150149452,29329.3638480455,0.010377773536918015,37878.873409750755,29.022729119999997,0.22,0.019480666688797298,71104.43341411013,0.3294123932501356,1202355.235362995,0.023053686170251306,84145.95452141727,0.05954767137775912,217349.0005288208,0.000940669057523014,3433.4420599590007,0.1587226920876803,579337.8261200332,0.002875397069691616,10495.199304374399,40631.820768,0.425335946504673,1552476.2047420563,0.06274579189029444,229022.1403995747,1.6277923321657661,5941442.012405046,0.29701689738875214,1084111.6754689454,0.19179866148878671,700065.1144340716,0.0010884781632254181,3972.9452957727763,0.018405848345775144,67181.34646207928,0.001288119876954765,4701.637550884892,0.0033272136421741583,12144.329793935678,60910.39709468507,0.0014101392638927565,5147.008313208561,0.027747492777222587,101278.34863686244,0.0016687780025941114,6091.039709468507,0.00431045358070059,15733.155569557153,0.0,0.0,0.0,0.0,0.0,0.0,0.0,0.0,0.0,0.0,0.05984979703474284,218451.75917681135,0.00419243581156779,15302.390712222432,0.08786405581831822,320703.8037368615,0.009922771230862196,36218.11499264702,0.012815259044658526,46775.695513003615
Cu 4nm,44,373.6842105263158,1.0,0.17,22.42665432,1400.0,1.0195904046287483,3721504.9768949314,0.0630234820312232,230035.70941396468,1.238423773633985,4520246.773764045,0.07448076004281232,271854.77415626496,0.19238380319058423,702200.8816456324,0.05650883961474421,206257.26459381636,0.0033996802910696735,12408.833062404308,0.0711521530809545,259705.3587454839,0.008035442150149452,29329.3638480455,0.010377773536918017,37878.873409750755,22.42665432,0.17,0.019507367745296048,71201.89227033057,0.3294123932501356,1202355.235362995,0.023053686170251306,84145.95452141727,0.059547671377759126,217349.0005288208,0.0007278769298501807,2656.7507939531597,0.1226493529768439,447670.13836548023,0.0022218977356707947,8109.926735198402,31397.316048,0.425335946504673,1552476.2047420563,0.06283179402569801,229336.0481937977,1.627792332165766,5941442.012405045,0.29701689738875214,1084111.6754689454,0.19179866148878674,700065.1144340716,0.0010899700791540785,3978.3907889123866,0.018405848345775144,67181.34646207928,0.001288119876954765,4701.637550884892,0.0033272136421741583,12144.329793935678,60910.39709468507,0.0014120720626392164,5154.06302863314,0.02774749277722259,101278.34863686246,0.0016687780025941114,6091.039709468507,0.004310453580700591,15733.155569557155,0.0,0.0,0.0,0.0,0.0,0.0,0.0,0.0,0.0,0.0,0.05984979703474284,218451.75917681135,0.00419818214803873,15323.364840341363,0.08786405581831822,320703.8037368615,0.009922771230862196,36218.11499264702,0.012815259044658526,46775.695513003615
Cu 4nm,45,384.2105263157895,1.0,0.12,15.830579519999997,1400.0,1.0195904046287483,3721504.9768949314,0.06310998334341171,230351.43920345273,1.2384237736339851,4520246.773764046,0.07448076004281232,271854.77415626496,0.19238380319058423,702200.8816456324,0.06438381290878933,235000.91711708106,0.003404346437666481,12425.864497482655,0.07115215308095452,259705.35874548397,0.008035442150149452,29329.3638480455,0.010377773536918017,37878.87340975076,15.830579519999997,0.12,0.019534142097536317,71299.61865600754,0.3294123932501356,1202355.235362995,0.023053686170251306,84145.95452141727,0.059547671377759126,217349.00052882082,0.0005145006770965411,1877.9274714023752,0.08657601386600745,316002.4506109272,0.0015683984016499723,5724.654166022399,22162.811327999996,0.425335946504673,1552476.2047420563,0.06291803224128388,229650.81768068616,1.6277923321657661,5941442.012405046,0.29701689738875214,1084111.6754689454,0.19179866148878674,700065.1144340717,0.0010914660904669147,3983.8512302042386,0.018405848345775144,67181.34646207928,0.001288119876954765,4701.637550884892,0.0033272136421741583,12144.329793935678,60910.39709468507,0.0014140101670153363,5161.1371096059775,0.027747492777222587,101278.34863686244,0.0016687780025941114,6091.039709468507,0.00431045358070059,15733.155569557155,0.0,0.0,0.0,0.0,0.0,0.0,0.0,0.0,0.0,0.0,0.05984979703474284,218451.75917681135,0.00420394425849197,15344.396543495692,0.08786405581831822,320703.8037368615,0.009922771230862196,36218.11499264702,0.012815259044658526,46775.69551300362
Cu 4nm,46,300.0,100.0,0.108391608391608,14.29918313286708,1400.0,0.0,0.0,0.06791456452160466,247888.16050385698,1.2384237736339851,4520246.773764046,0.07448076004281232,271854.77415626496,0.19238380319058426,702200.8816456326,0.001384026556428445,5051.696930963824,0.003663520310831005,13371.849134533168,0.07115215308095452,259705.35874548397,0.008035442150149452,29329.3638480455,0.010377773536918019,37878.87340975077,14.29918313286708,0.108391608391608,0.02102128195214962,76727.6791253461,0.32941239325013555,1202355.2353629947,0.023053686170251306,84145.95452141727,0.059547671377759126,217349.00052882082,0.0005001096331290408,1825.400160920999,0.0782009449255892,285433.44897840056,0.0014166768779472314,5170.870604507394,20018.85638601391,0.24600401923542795,897914.670209312,0.041428107722103605,151212.59318567815,0.9959880067319559,3635356.2245716387,0.18173403434229213,663329.2253493663,0.11735475267653517,428344.84726935334,0.0011745597177676519,4287.14296985193,0.018405848345775144,67181.34646207928,0.001288119876954765,4701.637550884892,0.0033272136421741588,12144.32979393568,499465.2561764175,0.012477605174369672,45543.2588864493,0.22752944077322518,830482.4588222719,0.013683979621271714,49946.52561764175,0.03534571936174484,129011.87567036867,0.011725822916917357,42799.25364674835,0.003486684537346493,12726.3985613147,0.08382463437020654,305959.9154512539,0.0038237882580911876,13956.827142032835,0.00987684507064954,36050.48450787082,0.05984979703474284,218451.75917681135,0.00452399174366741,16512.56986438605,0.08786405581831822,320703.8037368615,0.009922771230862196,36218.11499264702,0.012815259044658526,46775.69551300362
Cu 4nm,47,310.5263157894737,100.0,0.0561954261954261,7.413384692058198,1400.0,0.0,0.0,0.06801944314115065,248270.96746519988,1.2384237736339851,4520246.773764046,0.07448076004281232,271854.77415626496,0.19238380319058426,702200.8816456326,0.009258999850473567,33795.34945422852,0.003669177785859891,13392.498918388603,0.07115215308095452,259705.35874548397,0.008035442150149452,29329.3638480455,0.010377773536918019,37878.87340975076,7.413384692058198,0.0561954261954261,0.021053744547584907,76846.16759868491,0.3294123932501356,1202355.235362995,0.023053686170251306,84145.95452141727,0.05954767137775913,217349.00052882082,0.0002596813023254504,947.836753487894,0.04054313331251173,147982.4365906678,0.0007344734718745441,2680.828172342086,10378.738568881477,0.24600401923542795,897914.670209312,0.04149208402496152,151446.1066911095,0.9959880067319559,3635356.2245716387,0.18173403434229213,663329.2253493663,0.11735475267653517,428344.84726935334,0.0011763735584753342,4293.76348843497,0.018405848345775144,67181.34646207928,0.001288119876954765,4701.637550884892,0.0033272136421741588,12144.32979393568,499465.2561764175,0.012496874001537246,45613.59010561094,0.22752944077322518,830482.4588222719,0.013683979621271714,49946.52561764175,0.03534571936174483,129011.87567036865,0.011725822916917357,42799.25364674835,0.0034920689296877405,12746.051593360253,0.08382463437020655,305959.91545125394,0.0038237882580911876,13956.827142032835,0.00987684507064954,36050.484507870824,0.05984979703474284,218451.75917681135,0.0045309780213864176,16538.06977806042,0.08786405581831822,320703.8037368615,0.009922771230862196,36218.11499264702,0.012815259044658528,46775.69551300363
Cu 4nm,48,321.0526315789474,100.0,0.035,4.61725236,1400.0,0.0,0.0,0.06806212398085901,248426.75253013536,1.238423773633985,4520246.773764045,0.07448076004281232,271854.77415626496,0.19238380319058423,702200.8816456324,0.017133973144518685,62539.0019774932,0.003671480121511401,13400.902443516614,0.0711521530809545,259705.3587454839,0.008035442150149452,29329.3638480455,0.010377773536918017,37878.87340975076,4.61725236,0.035,0.021066955351066955,76894.38703139439,0.3294123932501356,1202355.235362995,0.023053686170251306,84145.95452141727,0.059547671377759126,217349.00052882082,0.00016183788015995313,590.7082625838289,0.025251337377585503,92167.38142818709,0.0004574495338145753,1669.6907984232,6464.153304,0.24600401923542795,897914.670209312,0.04151811947755644,151541.136093081,0.9959880067319555,3635356.224571638,0.18173403434229213,663329.2253493663,0.11735475267653514,428344.8472693533,0.0011771117093476112,4296.45773911878,0.018405848345775144,67181.34646207928,0.001288119876954765,4701.637550884892,0.0033272136421741583,12144.32979393568,499465.2561764175,0.012504715539948672,45642.21172081265,0.22752944077322518,830482.4588222719,0.013683979621271714,49946.52561764175,0.03534571936174483,129011.87567036865,0.011725822916917357,42799.25364674835,0.0034942601330754134,12754.04948572526,0.08382463437020654,305959.9154512539,0.0038237882580911876,13956.827142032835,0.009876845070649539,36050.48450787082,0.05984979703474284,218451.75917681135,0.004533821119443711,16548.447085969547,0.0878640558183182,320703.80373686145,0.009922771230862196,36218.11499264702,0.012815259044658524,46775.695513003615
Cu 4nm,49,331.578947368421,100.0,0.02,2.6384299199999997,1400.0,0.0,0.0,0.06809236158555214,248537.1197872653,1.238423773633985,4520246.773764045,0.07448076004281232,271854.77415626496,0.19238380319058423,702200.8816456324,0.025008946438563724,91282.65450075759,0.0036731112308282985,13406.85599252329,0.0711521530809545,259705.3587454839,0.008035442150149452,29329.3638480455,0.010377773536918017,37878.87340975076,2.6384299199999997,0.02,0.021076314657399692,76928.54849950888,0.32941239325013555,1202355.2353629947,0.023053686170251306,84145.95452141727,0.05954767137775912,217349.0005288208,9.25198737317429e-05,337.69753912086156,0.014429335644334575,52667.075101821196,0.00026139973360832876,954.1090276704,3693.8018879999995,0.24600401923542795,897914.670209312,0.04153656451586758,151608.46048291668,0.9959880067319555,3635356.224571638,0.18173403434229213,663329.2253493663,0.11735475267653514,428344.8472693533,0.0011776346586249058,4298.366503980906,0.018405848345775144,67181.34646207928,0.001288119876954765,4701.637550884892,0.0033272136421741588,12144.329793935678,499465.2561764175,0.012510270944675734,45662.48894806643,0.22752944077322515,830482.4588222718,0.013683979621271714,49946.52561764175,0.03534571936174483,129011.87567036865,0.011725822916917357,42799.25364674835,0.0034958125097927293,12759.71566074346,0.08382463437020654,305959.9154512539,0.0038237882580911876,13956.827142032835,0.009876845070649539,36050.48450787082,0.05984979703474284,218451.75917681135,0.004535835336496322,16555.798978211576,0.0878640558183182,320703.80373686145,0.009922771230862196,36218.11499264702,0.012815259044658526,46775.695513003615
Cu 4nm,50,342.1052631578947,100.0,0.012,1.5830579519999999,1400.0,0.0,0.0,0.06810849929627884,248596.02243141775,1.238423773633985,4520246.773764045,0.07448076004281232,271854.77415626496,0.19238380319058423,702200.8816456324,0.032883919732608846,120026.30702402229,0.0036739817485358624,13410.033382155898,0.07115215308095452,259705.35874548397,0.008035442150149452,29329.3638480455,0.010377773536918017,37878.87340975076,1.5830579519999999,0.012,0.02108130968857802,76946.78036330978,0.32941239325013555,1202355.2353629947,0.023053686170251306,84145.95452141727,0.059547671377759126,217349.0005288208,5.552508041918682e-05,202.6665435300319,0.008657601386600744,31600.24506109271,0.00015683984016499723,572.4654166022399,2216.2811328,0.24600401923542795,897914.670209312,0.04154640857248612,151644.39128957433,0.9959880067319559,3635356.2245716387,0.18173403434229213,663329.2253493663,0.11735475267653515,428344.8472693533,0.0011779137549437892,4299.385205544831,0.018405848345775144,67181.34646207928,0.001288119876954765,4701.637550884892,0.0033272136421741583,12144.329793935678,499465.2561764175,0.012513235846008523,45673.31083793111,0.22752944077322518,830482.4588222719,0.013683979621271714,49946.52561764175,0.03534571936174484,129011.87567036865,0.011725822916917357,42799.25364674835,0.0034966410081694074,12762.739679818336,0.08382463437020654,305959.9154512539,0.0038237882580911876,13956.827142032835,0.00987684507064954,36050.48450787082,0.05984979703474284,218451.75917681135,0.004536910317549408,16559.722659055336,0.08786405581831822,320703.8037368615,0.009922771230862196,36218.11499264702,0.012815259044658528,46775.69551300362
Cu 4nm,51,352.6315789473684,100.0,0.007,0.9234504719999999,1400.0,0.0,0.0,0.0681185892504128,248632.8507640067,1.2384237736339851,4520246.773764046,0.07448076004281232,271854.77415626496,0.19238380319058423,702200.8816456324,0.04075889302665397,148769.95954728697,0.0036745260316681403,13412.020015588712,0.07115215308095452,259705.35874548397,0.008035442150149452,29329.3638480455,0.010377773536918017,37878.87340975076,0.9234504719999999,0.007,0.02108443278554888,76958.1796672534,0.3294123932501356,1202355.235362995,0.023053686170251306,84145.95452141727,0.05954767137775913,217349.00052882082,3.239442861604991e-05,118.23966444858216,0.005050267475517102,18433.476285637422,9.148990676291507e-05,333.93815968464,1292.8306607999998,0.24600401923542795,897914.670209312,0.04155256347769265,151666.85669357816,0.995988006731956,3635356.224571639,0.18173403434229213,663329.2253493663,0.11735475267653515,428344.84726935334,0.001178088257331655,4300.02213926054,0.018405848345775144,67181.34646207928,0.001288119876954765,4701.637550884892,0.0033272136421741583,12144.32979393568,499465.2561764175,0.012515089623100342,45680.077124316245,0.22752944077322518,830482.4588222719,0.013683979621271714,49946.52561764175,0.03534571936174483,129011.87567036864,0.011725822916917357,42799.25364674835,0.0034971590191043107,12764.630419730735,0.08382463437020654,305959.9154512539,0.0038237882580911876,13956.827142032835,0.009876845070649539,36050.48450787082,0.05984979703474284,218451.75917681135,0.004537582439494348,16562.17590415437,0.08786405581831822,320703.8037368615,0.009922771230862196,36218.11499264702,0.012815259044658526,46775.69551300362
Cu 4nm,52,363.1578947368421,100.0,0.005,0.6596074799999999,1400.0,0.0,0.0,0.06812262606919238,248647.5851525522,1.238423773633985,4520246.773764045,0.07448076004281232,271854.77415626496,0.1923838031905842,702200.8816456324,0.04863386632069909,177513.61207055167,0.003674743790078201,13412.814833785433,0.0711521530809545,259705.3587454839,0.008035442150149452,29329.3638480455,0.010377773536918017,37878.87340975076,0.6596074799999999,0.005,0.02108568228344897,76962.74033458874,0.3294123932501356,1202355.235362995,0.023053686170251306,84145.95452141727,0.059547671377759126,217349.00052882082,2.3140248830544764e-05,84.46190823148838,0.0036073339110836438,13166.768775455299,6.534993340208219e-05,238.5272569176,923.4504719999999,0.24600401923542795,897914.670209312,0.04155502595042487,151675.84471905077,0.9959880067319559,3635356.2245716387,0.18173403434229213,663329.2253493663,0.11735475267653515,428344.84726935334,0.0011781580727646158,4300.276965590848,0.018405848345775144,67181.34646207928,0.001288119876954765,4701.637550884892,0.0033272136421741583,12144.329793935678,499465.2561764175,0.012515831287738068,45682.78420024395,0.22752944077322518,830482.4588222719,0.013683979621271714,49946.52561764175,0.03534571936174483,129011.87567036865,0.011725822916917357,42799.25364674835,0.003497366266455715,12765.38687256336,0.08382463437020654,305959.9154512539,0.0038237882580911876,13956.827142032835,0.009876845070649539,36050.48450787082,0.05984979703474284,218451.75917681135,0.004537851344035784,16563.15740573061,0.08786405581831822,320703.8037368615,0.009922771230862196,36218.11499264702,0.012815259044658526,46775.69551300362
Cu 4nm,53,373.6842105263158,100.0,0.003,0.39576448799999997,1400.0,0.0,0.0,0.06812666336645727,248662.321287569,1.238423773633985,4520246.773764045,0.07448076004281232,271854.77415626496,0.1923838031905842,702200.8816456324,0.05650883961474421,206257.26459381636,0.0036749615742992284,13413.609746192184,0.0711521530809545,259705.3587454839,0.008035442150149452,29329.3638480455,0.010377773536918015,37878.87340975076,0.39576448799999997,0.003,0.021086931929452407,76967.30154250129,0.32941239325013555,1202355.2353629947,0.023053686170251306,84145.95452141727,0.05954767137775912,217349.0005288208,1.3884972144438667e-05,50.68014832720113,0.002164400346650186,7900.061265273178,3.920996004124931e-05,143.11635415055997,554.0702832,0.24600401923542795,897914.670209312,0.0415574887150347,151684.83380987664,0.9959880067319559,3635356.2245716387,0.18173403434229213,663329.2253493663,0.11735475267653515,428344.8472693533,0.0011782278964728205,4300.531822125794,0.018405848345775144,67181.34646207928,0.001288119876954765,4701.637550884892,0.0033272136421741583,12144.329793935678,499465.2561764175,0.012516573040285518,45685.491597042135,0.22752944077322518,830482.4588222719,0.013683979621271714,49946.52561764175,0.03534571936174483,129011.87567036865,0.011725822916917357,42799.25364674835,0.0034975735383722074,12766.143415058557,0.08382463437020654,305959.9154512539,0.0038237882580911876,13956.827142032835,0.009876845070649539,36050.48450787082,0.05984979703474284,218451.75917681135,0.004538120280450554,16564.13902364452,0.0878640558183182,320703.80373686145,0.009922771230862196,36218.11499264702,0.012815259044658526,46775.695513003615
Cu 4nm,54,384.2105263157895,100.0,0.0018,0.23745869279999995,1400.0,0.0,0.0,0.06812908597452455,248671.1638070146,1.238423773633985,4520246.773764045,0.07448076004281232,271854.77415626496,0.19238380319058423,702200.8816456324,0.06438381290878933,235000.91711708106,0.003675092257223019,13414.086738864018,0.0711521530809545,259705.3587454839,0.008035442150149452,29329.3638480455,0.010377773536918017,37878.87340975076,0.23745869279999995,0.0018,0.021087681788155038,76970.03852676589,0.3294123932501356,1202355.235362995,0.023053686170251306,84145.95452141727,0.059547671377759126,217349.00052882082,8.331279539353722e-06,30.40917031864108,0.0012986402079901115,4740.036759163907,2.3525976024749583e-05,85.86981249033599,332.4421699199999,0.24600401923542795,897914.670209312,0.04155896651392344,151690.22777582056,0.9959880067319559,3635356.2245716387,0.18173403434229213,663329.2253493663,0.11735475267653515,428344.84726935334,0.001178269794670472,4300.684750547222,0.018405848345775144,67181.34646207928,0.001288119876954765,4701.637550884892,0.0033272136421741583,12144.32979393568,499465.2561764175,0.012517018134017158,45687.116189162625,0.22752944077322518,830482.4588222719,0.013683979621271714,49946.52561764175,0.03534571936174483,129011.87567036865,0.011725822916917357,42799.25364674835,0.0034976979133151628,12766.597383600343,0.08382463437020654,305959.9154512539,0.0038237882580911876,13956.827142032835,0.009876845070649539,36050.48450787082,0.05984979703474284,218451.75917681135,0.004538281657600973,16564.72805024355,0.08786405581831822,320703.8037368615,0.009922771230862196,36218.11499264702,0.012815259044658526,46775.69551300362
