scenario,run #,electricity cost ($/kWh),electricity emission factor (kg CO2/kWh),hydrogen purchase cost ($/kg),formic acid production pathway,PSA electricity cost ($/kg H2),PSA electricity cost ($/yr),PSA labor cost ($/kg H2),PSA labor cost ($/yr),PSA levelized capital cost ($/kg H2),PSA levelized capital cost ($/yr),"PSA operation, maintenance, repair costs ($/kg H2)","PSA operation, maintenance, repair costs ($/yr)",PSA other O&M costs ($/kg H2),PSA other O&M costs ($/yr),PSA refrigerator electricity cost ($/kg H2),PSA refrigerator electricity cost ($/yr),PSA refrigerator labor cost ($/kg H2),PSA refrigerator labor cost ($/yr),PSA refrigerator levelized capital cost ($/kg H2),PSA refrigerator levelized capital cost ($/yr),"PSA refrigerator operation, maintenance, repair costs ($/kg H2)","PSA refrigerator operation, maintenance, repair costs ($/yr)",PSA refrigerator other O&M costs ($/kg H2),PSA refrigerator other O&M costs ($/yr),all dehydr. catalyst amount (kg),all dehydr. reactor volume (m^3),cascade storage labor cost ($/kg H2),cascade storage labor cost ($/yr),cascade storage levelized capital cost ($/kg H2),cascade storage levelized capital cost ($/yr),"cascade storage operation, maintenance, repair costs ($/kg H2)","cascade storage operation, maintenance, repair costs ($/yr)",cascade storage other O&M costs ($/kg H2),cascade storage other O&M costs ($/yr),catalyst labor cost ($/kg H2),catalyst labor cost ($/yr),catalyst levelized capital cost ($/kg H2),catalyst levelized capital cost ($/yr),catalyst other O&M costs ($/kg H2),catalyst other O&M costs ($/yr),catalyst purchase cost ($/station),compressor electricity cost ($/kg H2),compressor electricity cost ($/yr),compressor labor cost ($/kg H2),compressor labor cost ($/yr),compressor levelized capital cost ($/kg H2),compressor levelized capital cost ($/yr),"compressor operation, maintenance, repair costs ($/kg H2)","compressor operation, maintenance, repair costs ($/yr)",compressor other O&M costs ($/kg H2),compressor other O&M costs ($/yr),liquid storage labor cost ($/kg H2),liquid storage labor cost ($/yr),liquid storage levelized capital cost ($/kg H2),liquid storage levelized capital cost ($/yr),"liquid storage operation, maintenance, repair costs ($/kg H2)","liquid storage operation, maintenance, repair costs ($/yr)",liquid storage other O&M costs ($/kg H2),liquid storage other O&M costs ($/yr),reactor installed cost ($/station),reactor labor cost ($/kg H2),reactor labor cost ($/yr),reactor levelized capital cost ($/kg H2),reactor levelized capital cost ($/yr),"reactor operation, maintenance, repair costs ($/kg H2)","reactor operation, maintenance, repair costs ($/yr)",reactor other O&M costs ($/kg H2),reactor other O&M costs ($/yr),reactor pump electricity cost ($/kg H2),reactor pump electricity cost ($/yr),reactor pump labor cost ($/kg H2),reactor pump labor cost ($/yr),reactor pump levelized capital cost ($/kg H2),reactor pump levelized capital cost ($/yr),"reactor pump operation, maintenance, repair costs ($/kg H2)","reactor pump operation, maintenance, repair costs ($/yr)",reactor pump other O&M costs ($/kg H2),reactor pump other O&M costs ($/yr),refrigerator electricity cost ($/kg H2),refrigerator electricity cost ($/yr),refrigerator labor cost ($/kg H2),refrigerator labor cost ($/yr),refrigerator levelized capital cost ($/kg H2),refrigerator levelized capital cost ($/yr),"refrigerator operation, maintenance, repair costs ($/kg H2)","refrigerator operation, maintenance, repair costs ($/yr)",refrigerator other O&M costs ($/kg H2),refrigerator other O&M costs ($/yr)
baseline,0,0.1709,0.228,0.31,electro,1.0195904046287483,3721504.9768949314,0.06300135577304773,229954.9485716242,1.238423773633985,4520246.773764045,0.07448076004281232,271854.77415626496,0.1923838031905842,702200.8816456323,0.001384026556428445,5051.696930963824,0.003398486732709998,12404.476574391492,0.07115215308095452,259705.35874548397,0.008035442150149452,29329.3638480455,0.010377773536918017,37878.87340975076,9.64671203342243,0.0731028611028611,0.01950051910664352,71176.89473924885,0.3294123932501356,1202355.235362995,0.023053686170251306,84145.95452141727,0.059547671377759126,217349.0005288208,0.0007824566574576873,2855.966799720559,0.1318924985834886,481407.61982973333,0.0023893452092645343,8721.110013815549,33763.49211697851,0.425335946504673,1552476.2047420563,0.06280973506526875,229255.53298823096,1.627792332165766,5941442.012405045,0.29701689738875214,1084111.6754689454,0.19179866148878674,700065.1144340716,0.0010895874129065529,3976.994057108918,0.018405848345775144,67181.34646207928,0.001288119876954765,4701.637550884892,0.0033272136421741583,12144.329793935678,60910.39709468507,0.0014115763129596791,5152.2535423028285,0.02774749277722259,101278.34863686246,0.0016687780025941114,6091.039709468507,0.004310453580700591,15733.155569557155,0.0,0.0,0.0,0.0,0.0,0.0,0.0,0.0,0.0,0.0,0.05984979703474284,218451.75917681135,0.00419670825197521,15317.985119709516,0.0878640558183182,320703.80373686145,0.009922771230862196,36218.11499264702,0.012815259044658524,46775.695513003615
delivery only,1,0.1709,0.0,0.0,purchase,1.0195904046287483,3721504.9768949314,0.06300135577304773,229954.9485716242,1.238423773633985,4520246.773764045,0.07448076004281232,271854.77415626496,0.1923838031905842,702200.8816456323,0.001384026556428445,5051.696930963824,0.003398486732709998,12404.476574391492,0.07115215308095452,259705.35874548397,0.008035442150149452,29329.3638480455,0.010377773536918017,37878.87340975076,9.64671203342243,0.0731028611028611,0.01950051910664352,71176.89473924885,0.3294123932501356,1202355.235362995,0.023053686170251306,84145.95452141727,0.059547671377759126,217349.0005288208,0.0007824566574576873,2855.966799720559,0.1318924985834886,481407.61982973333,0.0023893452092645343,8721.110013815549,33763.49211697851,0.425335946504673,1552476.2047420563,0.06280973506526875,229255.53298823096,1.627792332165766,5941442.012405045,0.29701689738875214,1084111.6754689454,0.19179866148878674,700065.1144340716,0.0010895874129065529,3976.994057108918,0.018405848345775144,67181.34646207928,0.001288119876954765,4701.637550884892,0.0033272136421741583,12144.329793935678,60910.39709468507,0.0014115763129596791,5152.2535423028285,0.02774749277722259,101278.34863686246,0.0016687780025941114,6091.039709468507,0.004310453580700591,15733.155569557155,0.0,0.0,0.0,0.0,0.0,0.0,0.0,0.0,0.0,0.0,0.05984979703474284,218451.75917681135,0.00419670825197521,15317.985119709516,0.0878640558183182,320703.80373686145,0.009922771230862196,36218.11499264702,0.012815259044658524,46775.695513003615
closed loop,2,0.1709,0.0,0.31,electro,1.0195904046287483,3721504.9768949314,0.06300135577304773,229954.9485716242,1.238423773633985,4520246.773764045,0.07448076004281232,271854.77415626496,0.1923838031905842,702200.8816456323,0.001384026556428445,5051.696930963824,0.003398486732709998,12404.476574391492,0.07115215308095452,259705.35874548397,0.008035442150149452,29329.3638480455,0.010377773536918017,37878.87340975076,9.64671203342243,0.0731028611028611,0.01950051910664352,71176.89473924885,0.3294123932501356,1202355.235362995,0.023053686170251306,84145.95452141727,0.059547671377759126,217349.0005288208,0.0007824566574576873,2855.966799720559,0.1318924985834886,481407.61982973333,0.0023893452092645343,8721.110013815549,33763.49211697851,0.425335946504673,1552476.2047420563,0.06280973506526875,229255.53298823096,1.627792332165766,5941442.012405045,0.29701689738875214,1084111.6754689454,0.19179866148878674,700065.1144340716,0.0010895874129065529,3976.994057108918,0.018405848345775144,67181.34646207928,0.001288119876954765,4701.637550884892,0.0033272136421741583,12144.329793935678,60910.39709468507,0.0014115763129596791,5152.2535423028285,0.02774749277722259,101278.34863686246,0.0016687780025941114,6091.039709468507,0.004310453580700591,15733.155569557155,0.0,0.0,0.0,0.0,0.0,0.0,0.0,0.0,0.0,0.0,0.05984979703474284,218451.75917681135,0.00419670825197521,15317.985119709516,0.0878640558183182,320703.80373686145,0.009922771230862196,36218.11499264702,0.012815259044658524,46775.695513003615
cloosed loop - 0.02 $/kWh,3,0.02,0.0,0.31,electro,0.11932011756919232,435518.42912755196,0.06300135577304773,229954.9485716242,1.238423773633985,4520246.773764045,0.07448076004281232,271854.77415626496,0.1923838031905842,702200.8816456323,0.00016196916985704448,591.1874699782123,0.003398486732709998,12404.476574391492,0.07115215308095452,259705.35874548397,0.008035442150149452,29329.3638480455,0.010377773536918017,37878.87340975076,9.64671203342243,0.0731028611028611,0.01950051910664352,71176.89473924885,0.3294123932501356,1202355.235362995,0.023053686170251306,84145.95452141727,0.059547671377759126,217349.0005288208,0.0007824566574576873,2855.966799720559,0.1318924985834886,481407.61982973333,0.0023893452092645343,8721.110013815549,33763.49211697851,0.049776003101775664,181682.41132148117,0.06280973506526875,229255.53298823096,1.627792332165766,5941442.012405045,0.29701689738875214,1084111.6754689454,0.19179866148878674,700065.1144340716,0.0010895874129065529,3976.994057108918,0.018405848345775144,67181.34646207928,0.001288119876954765,4701.637550884892,0.0033272136421741583,12144.329793935678,60910.39709468507,0.0014115763129596791,5152.2535423028285,0.02774749277722259,101278.34863686246,0.0016687780025941114,6091.039709468507,0.004310453580700591,15733.155569557155,0.0,0.0,0.0,0.0,0.0,0.0,0.0,0.0,0.0,0.0,0.00700407221003427,25564.86356662509,0.00419670825197521,15317.985119709516,0.0878640558183182,320703.80373686145,0.009922771230862196,36218.11499264702,0.012815259044658524,46775.695513003615
cloosed loop - 0.04 $/kWh,4,0.04,0.0,0.31,electro,0.23864023513838464,871036.8582551039,0.06300135577304773,229954.9485716242,1.238423773633985,4520246.773764045,0.07448076004281232,271854.77415626496,0.1923838031905842,702200.8816456323,0.00032393833971408896,1182.3749399564247,0.003398486732709998,12404.476574391492,0.07115215308095452,259705.35874548397,0.008035442150149452,29329.3638480455,0.010377773536918017,37878.87340975076,9.64671203342243,0.0731028611028611,0.01950051910664352,71176.89473924885,0.3294123932501356,1202355.235362995,0.023053686170251306,84145.95452141727,0.059547671377759126,217349.0005288208,0.0007824566574576873,2855.966799720559,0.1318924985834886,481407.61982973333,0.0023893452092645343,8721.110013815549,33763.49211697851,0.09955200620355133,363364.82264296233,0.06280973506526875,229255.53298823096,1.627792332165766,5941442.012405045,0.29701689738875214,1084111.6754689454,0.19179866148878674,700065.1144340716,0.0010895874129065529,3976.994057108918,0.018405848345775144,67181.34646207928,0.001288119876954765,4701.637550884892,0.0033272136421741583,12144.329793935678,60910.39709468507,0.0014115763129596791,5152.2535423028285,0.02774749277722259,101278.34863686246,0.0016687780025941114,6091.039709468507,0.004310453580700591,15733.155569557155,0.0,0.0,0.0,0.0,0.0,0.0,0.0,0.0,0.0,0.0,0.01400814442006854,51129.72713325018,0.00419670825197521,15317.985119709516,0.0878640558183182,320703.80373686145,0.009922771230862196,36218.11499264702,0.012815259044658524,46775.695513003615
cloosed loop - 0.06 $/kWh,5,0.06,0.0,0.31,electro,0.357960352707577,1306555.287382656,0.06300135577304773,229954.9485716242,1.238423773633985,4520246.773764045,0.07448076004281232,271854.77415626496,0.1923838031905842,702200.8816456323,0.0004859075095711334,1773.562409934637,0.003398486732709998,12404.476574391492,0.07115215308095452,259705.35874548397,0.008035442150149452,29329.3638480455,0.010377773536918017,37878.87340975076,9.64671203342243,0.0731028611028611,0.01950051910664352,71176.89473924885,0.3294123932501356,1202355.235362995,0.023053686170251306,84145.95452141727,0.059547671377759126,217349.0005288208,0.0007824566574576873,2855.966799720559,0.1318924985834886,481407.61982973333,0.0023893452092645343,8721.110013815549,33763.49211697851,0.14932800930532697,545047.2339644434,0.06280973506526875,229255.53298823096,1.627792332165766,5941442.012405045,0.29701689738875214,1084111.6754689454,0.19179866148878674,700065.1144340716,0.0010895874129065529,3976.994057108918,0.018405848345775144,67181.34646207928,0.001288119876954765,4701.637550884892,0.0033272136421741583,12144.329793935678,60910.39709468507,0.0014115763129596791,5152.2535423028285,0.02774749277722259,101278.34863686246,0.0016687780025941114,6091.039709468507,0.004310453580700591,15733.155569557155,0.0,0.0,0.0,0.0,0.0,0.0,0.0,0.0,0.0,0.0,0.02101221663010281,76694.59069987526,0.00419670825197521,15317.985119709516,0.0878640558183182,320703.80373686145,0.009922771230862196,36218.11499264702,0.012815259044658524,46775.695513003615
cloosed loop - 0.08 $/kWh,6,0.08,0.0,0.31,electro,0.4772804702767693,1742073.7165102079,0.06300135577304773,229954.9485716242,1.238423773633985,4520246.773764045,0.07448076004281232,271854.77415626496,0.1923838031905842,702200.8816456323,0.0006478766794281779,2364.7498799128493,0.003398486732709998,12404.476574391492,0.07115215308095452,259705.35874548397,0.008035442150149452,29329.3638480455,0.010377773536918017,37878.87340975076,9.64671203342243,0.0731028611028611,0.01950051910664352,71176.89473924885,0.3294123932501356,1202355.235362995,0.023053686170251306,84145.95452141727,0.059547671377759126,217349.0005288208,0.0007824566574576873,2855.966799720559,0.1318924985834886,481407.61982973333,0.0023893452092645343,8721.110013815549,33763.49211697851,0.19910401240710265,726729.6452859247,0.06280973506526875,229255.53298823096,1.627792332165766,5941442.012405045,0.29701689738875214,1084111.6754689454,0.19179866148878674,700065.1144340716,0.0010895874129065529,3976.994057108918,0.018405848345775144,67181.34646207928,0.001288119876954765,4701.637550884892,0.0033272136421741583,12144.329793935678,60910.39709468507,0.0014115763129596791,5152.2535423028285,0.02774749277722259,101278.34863686246,0.0016687780025941114,6091.039709468507,0.004310453580700591,15733.155569557155,0.0,0.0,0.0,0.0,0.0,0.0,0.0,0.0,0.0,0.0,0.02801628884013708,102259.45426650035,0.00419670825197521,15317.985119709516,0.0878640558183182,320703.80373686145,0.009922771230862196,36218.11499264702,0.012815259044658524,46775.695513003615
cloosed loop - 0.10 $/kWh,7,0.1,0.0,0.31,electro,0.5966005878459616,2177592.14563776,0.06300135577304773,229954.9485716242,1.238423773633985,4520246.773764045,0.07448076004281232,271854.77415626496,0.1923838031905842,702200.8816456323,0.0008098458492852225,2955.937349891062,0.003398486732709998,12404.476574391492,0.07115215308095452,259705.35874548397,0.008035442150149452,29329.3638480455,0.010377773536918017,37878.87340975076,9.64671203342243,0.0731028611028611,0.01950051910664352,71176.89473924885,0.3294123932501356,1202355.235362995,0.023053686170251306,84145.95452141727,0.059547671377759126,217349.0005288208,0.0007824566574576873,2855.966799720559,0.1318924985834886,481407.61982973333,0.0023893452092645343,8721.110013815549,33763.49211697851,0.2488800155088783,908412.0566074059,0.06280973506526875,229255.53298823096,1.627792332165766,5941442.012405045,0.29701689738875214,1084111.6754689454,0.19179866148878674,700065.1144340716,0.0010895874129065529,3976.994057108918,0.018405848345775144,67181.34646207928,0.001288119876954765,4701.637550884892,0.0033272136421741583,12144.329793935678,60910.39709468507,0.0014115763129596791,5152.2535423028285,0.02774749277722259,101278.34863686246,0.0016687780025941114,6091.039709468507,0.004310453580700591,15733.155569557155,0.0,0.0,0.0,0.0,0.0,0.0,0.0,0.0,0.0,0.0,0.03502036105017135,127824.31783312545,0.00419670825197521,15317.985119709516,0.0878640558183182,320703.80373686145,0.009922771230862196,36218.11499264702,0.012815259044658524,46775.695513003615
cloosed loop - 0.12 $/kWh,8,0.12000000000000001,0.0,0.31,electro,0.715920705415154,2613110.574765312,0.06300135577304773,229954.9485716242,1.238423773633985,4520246.773764045,0.07448076004281232,271854.77415626496,0.1923838031905842,702200.8816456323,0.0009718150191422669,3547.1248198692742,0.003398486732709998,12404.476574391492,0.07115215308095452,259705.35874548397,0.008035442150149452,29329.3638480455,0.010377773536918017,37878.87340975076,9.64671203342243,0.0731028611028611,0.01950051910664352,71176.89473924885,0.3294123932501356,1202355.235362995,0.023053686170251306,84145.95452141727,0.059547671377759126,217349.0005288208,0.0007824566574576873,2855.966799720559,0.1318924985834886,481407.61982973333,0.0023893452092645343,8721.110013815549,33763.49211697851,0.298656018610654,1090094.467928887,0.06280973506526875,229255.53298823096,1.627792332165766,5941442.012405045,0.29701689738875214,1084111.6754689454,0.19179866148878674,700065.1144340716,0.0010895874129065529,3976.994057108918,0.018405848345775144,67181.34646207928,0.001288119876954765,4701.637550884892,0.0033272136421741583,12144.329793935678,60910.39709468507,0.0014115763129596791,5152.2535423028285,0.02774749277722259,101278.34863686246,0.0016687780025941114,6091.039709468507,0.004310453580700591,15733.155569557155,0.0,0.0,0.0,0.0,0.0,0.0,0.0,0.0,0.0,0.0,0.04202443326020562,153389.18139975052,0.00419670825197521,15317.985119709516,0.0878640558183182,320703.80373686145,0.009922771230862196,36218.11499264702,0.012815259044658524,46775.695513003615
cloosed loop - 0.14 $/kWh,9,0.14,0.0,0.31,electro,0.8352408229843463,3048629.003892864,0.06300135577304773,229954.9485716242,1.238423773633985,4520246.773764045,0.07448076004281232,271854.77415626496,0.1923838031905842,702200.8816456323,0.0011337841889993115,4138.312289847487,0.003398486732709998,12404.476574391492,0.07115215308095452,259705.35874548397,0.008035442150149452,29329.3638480455,0.010377773536918017,37878.87340975076,9.64671203342243,0.0731028611028611,0.01950051910664352,71176.89473924885,0.3294123932501356,1202355.235362995,0.023053686170251306,84145.95452141727,0.059547671377759126,217349.0005288208,0.0007824566574576873,2855.966799720559,0.1318924985834886,481407.61982973333,0.0023893452092645343,8721.110013815549,33763.49211697851,0.34843202171242965,1271776.8792503683,0.06280973506526875,229255.53298823096,1.627792332165766,5941442.012405045,0.29701689738875214,1084111.6754689454,0.19179866148878674,700065.1144340716,0.0010895874129065529,3976.994057108918,0.018405848345775144,67181.34646207928,0.001288119876954765,4701.637550884892,0.0033272136421741583,12144.329793935678,60910.39709468507,0.0014115763129596791,5152.2535423028285,0.02774749277722259,101278.34863686246,0.0016687780025941114,6091.039709468507,0.004310453580700591,15733.155569557155,0.0,0.0,0.0,0.0,0.0,0.0,0.0,0.0,0.0,0.0,0.049028505470239896,178954.04496637563,0.00419670825197521,15317.985119709516,0.0878640558183182,320703.80373686145,0.009922771230862196,36218.11499264702,0.012815259044658524,46775.695513003615
cloosed loop - 0.16 $/kWh,10,0.16,0.0,0.31,electro,0.9545609405535386,3484147.4330204157,0.06300135577304773,229954.9485716242,1.238423773633985,4520246.773764045,0.07448076004281232,271854.77415626496,0.1923838031905842,702200.8816456323,0.0012957533588563558,4729.499759825699,0.003398486732709998,12404.476574391492,0.07115215308095452,259705.35874548397,0.008035442150149452,29329.3638480455,0.010377773536918017,37878.87340975076,9.64671203342243,0.0731028611028611,0.01950051910664352,71176.89473924885,0.3294123932501356,1202355.235362995,0.023053686170251306,84145.95452141727,0.059547671377759126,217349.0005288208,0.0007824566574576873,2855.966799720559,0.1318924985834886,481407.61982973333,0.0023893452092645343,8721.110013815549,33763.49211697851,0.3982080248142053,1453459.2905718493,0.06280973506526875,229255.53298823096,1.627792332165766,5941442.012405045,0.29701689738875214,1084111.6754689454,0.19179866148878674,700065.1144340716,0.0010895874129065529,3976.994057108918,0.018405848345775144,67181.34646207928,0.001288119876954765,4701.637550884892,0.0033272136421741583,12144.329793935678,60910.39709468507,0.0014115763129596791,5152.2535423028285,0.02774749277722259,101278.34863686246,0.0016687780025941114,6091.039709468507,0.004310453580700591,15733.155569557155,0.0,0.0,0.0,0.0,0.0,0.0,0.0,0.0,0.0,0.0,0.05603257768027416,204518.9085330007,0.00419670825197521,15317.985119709516,0.0878640558183182,320703.80373686145,0.009922771230862196,36218.11499264702,0.012815259044658524,46775.695513003615
cloosed loop - 0.18 $/kWh,11,0.18,0.0,0.31,electro,1.073881058122731,3919665.862147968,0.06300135577304773,229954.9485716242,1.238423773633985,4520246.773764045,0.07448076004281232,271854.77415626496,0.1923838031905842,702200.8816456323,0.0014577225287134002,5320.687229803911,0.003398486732709998,12404.476574391492,0.07115215308095452,259705.35874548397,0.008035442150149452,29329.3638480455,0.010377773536918017,37878.87340975076,9.64671203342243,0.0731028611028611,0.01950051910664352,71176.89473924885,0.3294123932501356,1202355.235362995,0.023053686170251306,84145.95452141727,0.059547671377759126,217349.0005288208,0.0007824566574576873,2855.966799720559,0.1318924985834886,481407.61982973333,0.0023893452092645343,8721.110013815549,33763.49211697851,0.4479840279159809,1635141.7018933303,0.06280973506526875,229255.53298823096,1.627792332165766,5941442.012405045,0.29701689738875214,1084111.6754689454,0.19179866148878674,700065.1144340716,0.0010895874129065529,3976.994057108918,0.018405848345775144,67181.34646207928,0.001288119876954765,4701.637550884892,0.0033272136421741583,12144.329793935678,60910.39709468507,0.0014115763129596791,5152.2535423028285,0.02774749277722259,101278.34863686246,0.0016687780025941114,6091.039709468507,0.004310453580700591,15733.155569557155,0.0,0.0,0.0,0.0,0.0,0.0,0.0,0.0,0.0,0.0,0.06303664989030842,230083.77209962576,0.00419670825197521,15317.985119709516,0.0878640558183182,320703.80373686145,0.009922771230862196,36218.11499264702,0.012815259044658524,46775.695513003615
cloosed loop - 0.20 $/kWh,12,0.19999999999999998,0.0,0.31,electro,1.1932011756919232,4355184.29127552,0.06300135577304773,229954.9485716242,1.238423773633985,4520246.773764045,0.07448076004281232,271854.77415626496,0.1923838031905842,702200.8816456323,0.0016196916985704447,5911.874699782123,0.003398486732709998,12404.476574391492,0.07115215308095452,259705.35874548397,0.008035442150149452,29329.3638480455,0.010377773536918017,37878.87340975076,9.64671203342243,0.0731028611028611,0.01950051910664352,71176.89473924885,0.3294123932501356,1202355.235362995,0.023053686170251306,84145.95452141727,0.059547671377759126,217349.0005288208,0.0007824566574576873,2855.966799720559,0.1318924985834886,481407.61982973333,0.0023893452092645343,8721.110013815549,33763.49211697851,0.49776003101775657,1816824.1132148115,0.06280973506526875,229255.53298823096,1.627792332165766,5941442.012405045,0.29701689738875214,1084111.6754689454,0.19179866148878674,700065.1144340716,0.0010895874129065529,3976.994057108918,0.018405848345775144,67181.34646207928,0.001288119876954765,4701.637550884892,0.0033272136421741583,12144.329793935678,60910.39709468507,0.0014115763129596791,5152.2535423028285,0.02774749277722259,101278.34863686246,0.0016687780025941114,6091.039709468507,0.004310453580700591,15733.155569557155,0.0,0.0,0.0,0.0,0.0,0.0,0.0,0.0,0.0,0.0,0.07004072210034269,255648.63566625083,0.00419670825197521,15317.985119709516,0.0878640558183182,320703.80373686145,0.009922771230862196,36218.11499264702,0.012815259044658524,46775.695513003615
cloosed loop - 0.22 $/kWh,13,0.21999999999999997,0.0,0.31,electro,1.3125212932611154,4790702.7204030715,0.06300135577304773,229954.9485716242,1.238423773633985,4520246.773764045,0.07448076004281232,271854.77415626496,0.1923838031905842,702200.8816456323,0.001781660868427489,6503.062169760335,0.003398486732709998,12404.476574391492,0.07115215308095452,259705.35874548397,0.008035442150149452,29329.3638480455,0.010377773536918017,37878.87340975076,9.64671203342243,0.0731028611028611,0.01950051910664352,71176.89473924885,0.3294123932501356,1202355.235362995,0.023053686170251306,84145.95452141727,0.059547671377759126,217349.0005288208,0.0007824566574576873,2855.966799720559,0.1318924985834886,481407.61982973333,0.0023893452092645343,8721.110013815549,33763.49211697851,0.5475360341195322,1998506.5245362925,0.06280973506526875,229255.53298823096,1.627792332165766,5941442.012405045,0.29701689738875214,1084111.6754689454,0.19179866148878674,700065.1144340716,0.0010895874129065529,3976.994057108918,0.018405848345775144,67181.34646207928,0.001288119876954765,4701.637550884892,0.0033272136421741583,12144.329793935678,60910.39709468507,0.0014115763129596791,5152.2535423028285,0.02774749277722259,101278.34863686246,0.0016687780025941114,6091.039709468507,0.004310453580700591,15733.155569557155,0.0,0.0,0.0,0.0,0.0,0.0,0.0,0.0,0.0,0.0,0.07704479431037696,281213.4992328759,0.00419670825197521,15317.985119709516,0.0878640558183182,320703.80373686145,0.009922771230862196,36218.11499264702,0.012815259044658524,46775.695513003615
cloosed loop - 0.24 $/kWh,14,0.23999999999999996,0.0,0.31,electro,1.4318414108303077,5226221.149530623,0.06300135577304773,229954.9485716242,1.238423773633985,4520246.773764045,0.07448076004281232,271854.77415626496,0.1923838031905842,702200.8816456323,0.0019436300382845333,7094.249639738547,0.003398486732709998,12404.476574391492,0.07115215308095452,259705.35874548397,0.008035442150149452,29329.3638480455,0.010377773536918017,37878.87340975076,9.64671203342243,0.0731028611028611,0.01950051910664352,71176.89473924885,0.3294123932501356,1202355.235362995,0.023053686170251306,84145.95452141727,0.059547671377759126,217349.0005288208,0.0007824566574576873,2855.966799720559,0.1318924985834886,481407.61982973333,0.0023893452092645343,8721.110013815549,33763.49211697851,0.5973120372213079,2180188.9358577738,0.06280973506526875,229255.53298823096,1.627792332165766,5941442.012405045,0.29701689738875214,1084111.6754689454,0.19179866148878674,700065.1144340716,0.0010895874129065529,3976.994057108918,0.018405848345775144,67181.34646207928,0.001288119876954765,4701.637550884892,0.0033272136421741583,12144.329793935678,60910.39709468507,0.0014115763129596791,5152.2535423028285,0.02774749277722259,101278.34863686246,0.0016687780025941114,6091.039709468507,0.004310453580700591,15733.155569557155,0.0,0.0,0.0,0.0,0.0,0.0,0.0,0.0,0.0,0.0,0.08404886652041123,306778.362799501,0.00419670825197521,15317.985119709516,0.0878640558183182,320703.80373686145,0.009922771230862196,36218.11499264702,0.012815259044658524,46775.695513003615
cloosed loop - 0.26 $/kWh,15,0.25999999999999995,0.0,0.31,electro,1.5511615283995,5661739.578658175,0.06300135577304773,229954.9485716242,1.238423773633985,4520246.773764045,0.07448076004281232,271854.77415626496,0.1923838031905842,702200.8816456323,0.002105599208141578,7685.43710971676,0.003398486732709998,12404.476574391492,0.07115215308095452,259705.35874548397,0.008035442150149452,29329.3638480455,0.010377773536918017,37878.87340975076,9.64671203342243,0.0731028611028611,0.01950051910664352,71176.89473924885,0.3294123932501356,1202355.235362995,0.023053686170251306,84145.95452141727,0.059547671377759126,217349.0005288208,0.0007824566574576873,2855.966799720559,0.1318924985834886,481407.61982973333,0.0023893452092645343,8721.110013815549,33763.49211697851,0.6470880403230834,2361871.3471792545,0.06280973506526875,229255.53298823096,1.627792332165766,5941442.012405045,0.29701689738875214,1084111.6754689454,0.19179866148878674,700065.1144340716,0.0010895874129065529,3976.994057108918,0.018405848345775144,67181.34646207928,0.001288119876954765,4701.637550884892,0.0033272136421741583,12144.329793935678,60910.39709468507,0.0014115763129596791,5152.2535423028285,0.02774749277722259,101278.34863686246,0.0016687780025941114,6091.039709468507,0.004310453580700591,15733.155569557155,0.0,0.0,0.0,0.0,0.0,0.0,0.0,0.0,0.0,0.0,0.0910529387304455,332343.22636612604,0.00419670825197521,15317.985119709516,0.0878640558183182,320703.80373686145,0.009922771230862196,36218.11499264702,0.012815259044658524,46775.695513003615
cloosed loop - 0.28 $/kWh,16,0.27999999999999997,0.0,0.31,electro,1.6704816459686924,6097258.007785727,0.06300135577304773,229954.9485716242,1.238423773633985,4520246.773764045,0.07448076004281232,271854.77415626496,0.1923838031905842,702200.8816456323,0.0022675683779986226,8276.624579694973,0.003398486732709998,12404.476574391492,0.07115215308095452,259705.35874548397,0.008035442150149452,29329.3638480455,0.010377773536918017,37878.87340975076,9.64671203342243,0.0731028611028611,0.01950051910664352,71176.89473924885,0.3294123932501356,1202355.235362995,0.023053686170251306,84145.95452141727,0.059547671377759126,217349.0005288208,0.0007824566574576873,2855.966799720559,0.1318924985834886,481407.61982973333,0.0023893452092645343,8721.110013815549,33763.49211697851,0.6968640434248592,2543553.758500736,0.06280973506526875,229255.53298823096,1.627792332165766,5941442.012405045,0.29701689738875214,1084111.6754689454,0.19179866148878674,700065.1144340716,0.0010895874129065529,3976.994057108918,0.018405848345775144,67181.34646207928,0.001288119876954765,4701.637550884892,0.0033272136421741583,12144.329793935678,60910.39709468507,0.0014115763129596791,5152.2535423028285,0.02774749277722259,101278.34863686246,0.0016687780025941114,6091.039709468507,0.004310453580700591,15733.155569557155,0.0,0.0,0.0,0.0,0.0,0.0,0.0,0.0,0.0,0.0,0.09805701094047978,357908.0899327512,0.00419670825197521,15317.985119709516,0.0878640558183182,320703.80373686145,0.009922771230862196,36218.11499264702,0.012815259044658524,46775.695513003615
cloosed loop - 0.30 $/kWh,17,0.3,0.0,0.31,electro,1.789801763537885,6532776.43691328,0.06300135577304773,229954.9485716242,1.238423773633985,4520246.773764045,0.07448076004281232,271854.77415626496,0.1923838031905842,702200.8816456323,0.002429537547855667,8867.812049673184,0.003398486732709998,12404.476574391492,0.07115215308095452,259705.35874548397,0.008035442150149452,29329.3638480455,0.010377773536918017,37878.87340975076,9.64671203342243,0.0731028611028611,0.01950051910664352,71176.89473924885,0.3294123932501356,1202355.235362995,0.023053686170251306,84145.95452141727,0.059547671377759126,217349.0005288208,0.0007824566574576873,2855.966799720559,0.1318924985834886,481407.61982973333,0.0023893452092645343,8721.110013815549,33763.49211697851,0.7466400465266348,2725236.169822217,0.06280973506526875,229255.53298823096,1.627792332165766,5941442.012405045,0.29701689738875214,1084111.6754689454,0.19179866148878674,700065.1144340716,0.0010895874129065529,3976.994057108918,0.018405848345775144,67181.34646207928,0.001288119876954765,4701.637550884892,0.0033272136421741583,12144.329793935678,60910.39709468507,0.0014115763129596791,5152.2535423028285,0.02774749277722259,101278.34863686246,0.0016687780025941114,6091.039709468507,0.004310453580700591,15733.155569557155,0.0,0.0,0.0,0.0,0.0,0.0,0.0,0.0,0.0,0.0,0.10506108315051405,383472.95349937625,0.00419670825197521,15317.985119709516,0.0878640558183182,320703.80373686145,0.009922771230862196,36218.11499264702,0.012815259044658524,46775.695513003615
