scenario,run #,dehydr. reaction temperature (K),dehydr. reaction pressure (bar),dehydr. reactor volume (m^3),dehydr. catalyst amount (kg),PSA electricity cost ($/kg H2),PSA electricity cost ($/yr),PSA labor cost ($/kg H2),PSA labor cost ($/yr),PSA levelized capital cost ($/kg H2),PSA levelized capital cost ($/yr),"PSA operation, maintenance, repair costs ($/kg H2)","PSA operation, maintenance, repair costs ($/yr)",PSA other O&M costs ($/kg H2),PSA other O&M costs ($/yr),PSA refrigerator electricity cost ($/kg H2),PSA refrigerator electricity cost ($/yr),PSA refrigerator labor cost ($/kg H2),PSA refrigerator labor cost ($/yr),PSA refrigerator levelized capital cost ($/kg H2),PSA refrigerator levelized capital cost ($/yr),"PSA refrigerator operation, maintenance, repair costs ($/kg H2)","PSA refrigerator operation, maintenance, repair costs ($/yr)",PSA refrigerator other O&M costs ($/kg H2),PSA refrigerator other O&M costs ($/yr),all dehydr. catalyst amount (kg),all dehydr. reactor volume (m^3),cascade storage labor cost ($/kg H2),cascade storage labor cost ($/yr),cascade storage levelized capital cost ($/kg H2),cascade storage levelized capital cost ($/yr),"cascade storage operation, maintenance, repair costs ($/kg H2)","cascade storage operation, maintenance, repair costs ($/yr)",cascade storage other O&M costs ($/kg H2),cascade storage other O&M costs ($/yr),catalyst labor cost ($/kg H2),catalyst labor cost ($/yr),catalyst levelized capital cost ($/kg H2),catalyst levelized capital cost ($/yr),catalyst other O&M costs ($/kg H2),catalyst other O&M costs ($/yr),catalyst purchase cost ($/station),compressor electricity cost ($/kg H2),compressor electricity cost ($/yr),compressor labor cost ($/kg H2),compressor labor cost ($/yr),compressor levelized capital cost ($/kg H2),compressor levelized capital cost ($/yr),"compressor operation, maintenance, repair costs ($/kg H2)","compressor operation, maintenance, repair costs ($/yr)",compressor other O&M costs ($/kg H2),compressor other O&M costs ($/yr),liquid storage labor cost ($/kg H2),liquid storage labor cost ($/yr),liquid storage levelized capital cost ($/kg H2),liquid storage levelized capital cost ($/yr),"liquid storage operation, maintenance, repair costs ($/kg H2)","liquid storage operation, maintenance, repair costs ($/yr)",liquid storage other O&M costs ($/kg H2),liquid storage other O&M costs ($/yr),reactor installed cost ($/station),reactor labor cost ($/kg H2),reactor labor cost ($/yr),reactor levelized capital cost ($/kg H2),reactor levelized capital cost ($/yr),"reactor operation, maintenance, repair costs ($/kg H2)","reactor operation, maintenance, repair costs ($/yr)",reactor other O&M costs ($/kg H2),reactor other O&M costs ($/yr),reactor pump electricity cost ($/kg H2),reactor pump electricity cost ($/yr),reactor pump labor cost ($/kg H2),reactor pump labor cost ($/yr),reactor pump levelized capital cost ($/kg H2),reactor pump levelized capital cost ($/yr),"reactor pump operation, maintenance, repair costs ($/kg H2)","reactor pump operation, maintenance, repair costs ($/yr)",reactor pump other O&M costs ($/kg H2),reactor pump other O&M costs ($/yr),refrigerator electricity cost ($/kg H2),refrigerator electricity cost ($/yr),refrigerator labor cost ($/kg H2),refrigerator labor cost ($/yr),refrigerator levelized capital cost ($/kg H2),refrigerator levelized capital cost ($/yr),"refrigerator operation, maintenance, repair costs ($/kg H2)","refrigerator operation, maintenance, repair costs ($/yr)",refrigerator other O&M costs ($/kg H2),refrigerator other O&M costs ($/yr)
baseline,0,300.0,1.0,0.0731028611028611,9.64671203342243,1.0195904046287483,3721504.9768949314,0.06300135577304773,229954.9485716242,1.238423773633985,4520246.773764045,0.07448076004281232,271854.77415626496,0.1923838031905842,702200.8816456323,0.001384026556428445,5051.696930963824,0.003398486732709998,12404.476574391492,0.07115215308095452,259705.35874548397,0.008035442150149452,29329.3638480455,0.010377773536918017,37878.87340975076,9.64671203342243,0.0731028611028611,0.01950051910664352,71176.89473924885,0.3294123932501356,1202355.235362995,0.023053686170251306,84145.95452141727,0.059547671377759126,217349.0005288208,0.0007824566574576873,2855.966799720559,0.1318924985834886,481407.61982973333,0.0023893452092645343,8721.110013815549,33763.49211697851,0.425335946504673,1552476.2047420563,0.06280973506526875,229255.53298823096,1.627792332165766,5941442.012405045,0.29701689738875214,1084111.6754689454,0.19179866148878674,700065.1144340716,0.0010895874129065529,3976.994057108918,0.018405848345775144,67181.34646207928,0.001288119876954765,4701.637550884892,0.0033272136421741583,12144.329793935678,60910.39709468507,0.0014115763129596791,5152.2535423028285,0.02774749277722259,101278.34863686246,0.0016687780025941114,6091.039709468507,0.004310453580700591,15733.155569557155,0.0,0.0,0.0,0.0,0.0,0.0,0.0,0.0,0.0,0.0,0.05984979703474284,218451.75917681135,0.00419670825197521,15317.985119709516,0.0878640558183182,320703.80373686145,0.009922771230862196,36218.11499264702,0.012815259044658524,46775.695513003615
Pd 4nm,1,300.0,1.0,0.0731028611028611,9.646712033422434,1.0195904046287483,3721504.9768949314,0.06300135577304773,229954.9485716242,1.238423773633985,4520246.773764045,0.07448076004281232,271854.77415626496,0.1923838031905842,702200.8816456323,0.001384026556428445,5051.696930963824,0.003398486732709998,12404.476574391492,0.07115215308095452,259705.35874548397,0.008035442150149452,29329.3638480455,0.010377773536918017,37878.87340975076,9.646712033422434,0.0731028611028611,0.01950051910664352,71176.89473924885,0.3294123932501356,1202355.235362995,0.023053686170251306,84145.95452141727,0.059547671377759126,217349.0005288208,0.0007824566574576875,2855.9667997205593,0.13189249858348862,481407.61982973345,0.0023893452092645343,8721.11001381555,33763.492116978516,0.425335946504673,1552476.2047420563,0.06280973506526875,229255.53298823096,1.627792332165766,5941442.012405045,0.29701689738875214,1084111.6754689454,0.19179866148878674,700065.1144340716,0.0010895874129065529,3976.994057108918,0.018405848345775144,67181.34646207928,0.001288119876954765,4701.637550884892,0.0033272136421741583,12144.329793935678,60910.39709468507,0.0014115763129596791,5152.2535423028285,0.02774749277722259,101278.34863686246,0.0016687780025941114,6091.039709468507,0.004310453580700591,15733.155569557155,0.0,0.0,0.0,0.0,0.0,0.0,0.0,0.0,0.0,0.0,0.05984979703474284,218451.75917681135,0.00419670825197521,15317.985119709516,0.0878640558183182,320703.80373686145,0.009922771230862196,36218.11499264702,0.012815259044658524,46775.695513003615
Pd 4nm,2,310.5263157894737,1.0,0.0306770616770616,4.048169600554391,1.0195904046287483,3721504.9768949314,0.06318505864041583,230625.4640375178,1.238423773633985,4520246.773764045,0.07448076004281232,271854.77415626496,0.19238380319058423,702200.8816456324,0.009258999850473567,33795.34945422852,0.0034083962298922534,12440.646239106725,0.0711521530809545,259705.3587454839,0.008035442150149452,29329.3638480455,0.010377773536918017,37878.87340975076,4.048169600554391,0.0306770616770616,0.019557379807990355,71384.4362991648,0.3294123932501356,1202355.235362995,0.023053686170251306,84145.95452141727,0.05954767137775913,217349.00052882082,0.0003293094338215402,1201.9794334486216,0.05534768752886863,202019.0594803705,0.001002670610241424,3659.747727381198,14168.593601940369,0.425335946504673,1552476.2047420563,0.06299287919428856,229924.0090591532,1.627792332165766,5941442.012405045,0.29701689738875214,1084111.6754689454,0.19179866148878674,700065.1144340716,0.0010927644926621088,3988.590398216697,0.018405848345775144,67181.34646207928,0.001288119876954765,4701.637550884892,0.0033272136421741588,12144.329793935678,60910.39709468507,0.0014156922659104966,5167.276770573313,0.027747492777222587,101278.34863686244,0.0016687780025941114,6091.039709468507,0.004310453580700591,15733.155569557155,0.0,0.0,0.0,0.0,0.0,0.0,0.0,0.0,0.0,0.0,0.05984979703474284,218451.75917681135,0.004208945247988001,15362.650155156203,0.0878640558183182,320703.80373686145,0.009922771230862196,36218.11499264702,0.012815259044658526,46775.695513003615
Pd 4nm,3,321.0526315789474,1.0,0.0136387486387486,1.7997801813681762,1.0195904046287483,3721504.9768949314,0.0632591360615426,230895.84662463045,1.238423773633985,4520246.773764045,0.07448076004281232,271854.77415626496,0.1923838031905842,702200.8816456323,0.017133973144518685,62539.0019774932,0.0034123921936267416,12455.231506737606,0.07115215308095452,259705.35874548397,0.008035442150149452,29329.3638480455,0.010377773536918017,37878.87340975076,1.7997801813681762,0.0136387486387486,0.019580308650526013,71468.12657441993,0.32941239325013555,1202355.2353629947,0.023053686170251306,84145.95452141727,0.05954767137775912,217349.0005288208,0.0001465796909566421,535.0158719917437,0.024607089358453356,89815.87615835475,0.0004457784309495616,1627.0912729658999,6299.230634788617,0.425335946504673,1552476.2047420563,0.06306673130648835,230193.56926868245,1.6277923321657661,5941442.012405046,0.29701689738875214,1084111.6754689454,0.19179866148878674,700065.1144340716,0.001094045636927179,3993.2665747842034,0.018405848345775144,67181.34646207928,0.001288119876954765,4701.637550884892,0.0033272136421741583,12144.329793935678,60910.39709468507,0.0014173520069066167,5173.334825209151,0.027747492777222587,101278.34863686244,0.0016687780025941114,6091.039709468507,0.00431045358070059,15733.155569557153,0.0,0.0,0.0,0.0,0.0,0.0,0.0,0.0,0.0,0.0,0.05984979703474284,218451.75917681135,0.004213879765995005,15380.661145881766,0.08786405581831822,320703.8037368615,0.009922771230862196,36218.11499264702,0.012815259044658526,46775.69551300362
Pd 4nm,4,331.578947368421,1.0,0.00637946737946737,0.8418396189684176,1.0195904046287483,3721504.9768949314,0.06329075000952195,231011.23753475508,1.238423773633985,4520246.773764045,0.07448076004281232,271854.77415626496,0.1923838031905842,702200.8816456324,0.025008946438563724,91282.65450075759,0.0034140975471299803,12461.456047024429,0.0711521530809545,259705.3587454839,0.008035442150149452,29329.3638480455,0.010377773536918015,37878.87340975076,0.8418396189684176,0.00637946737946737,0.01959009397004879,71503.84299067808,0.32941239325013555,1202355.2353629947,0.023053686170251306,84145.95452141727,0.05954767137775912,217349.0005288208,6.85962987523819e-05,250.37649044619394,0.011509862673170817,42010.99875707348,0.00020851098836394464,761.0651075283979,2946.4386663894616,0.425335946504673,1552476.2047420563,0.06309824909959906,230308.60921353658,1.6277923321657661,5941442.012405046,0.29701689738875214,1084111.6754689454,0.19179866148878674,700065.1144340716,0.0010945923896020686,3995.26222204755,0.018405848345775144,67181.34646207928,0.001288119876954765,4701.637550884892,0.0033272136421741583,12144.329793935678,60910.39709468507,0.0014180603329351476,5175.920215213288,0.02774749277722259,101278.34863686246,0.0016687780025941114,6091.039709468507,0.004310453580700591,15733.155569557155,0.0,0.0,0.0,0.0,0.0,0.0,0.0,0.0,0.0,0.0,0.05984979703474284,218451.75917681135,0.004215985665379779,15388.347678636193,0.0878640558183182,320703.80373686145,0.009922771230862196,36218.11499264702,0.012815259044658524,46775.695513003615
Pd 4nm,5,342.1052631578947,1.0,0.00312978912978913,0.4130094773982774,1.0195904046287483,3721504.9768949314,0.0633049125000054,231062.9306250197,1.238423773633985,4520246.773764045,0.07448076004281232,271854.77415626496,0.1923838031905842,702200.8816456323,0.032883919732608846,120026.30702402229,0.0034148615153877997,12464.244531165468,0.0711521530809545,259705.3587454839,0.008035442150149452,29329.3638480455,0.010377773536918015,37878.873409750755,0.4130094773982774,0.00312978912978913,0.019594477620414434,71519.84331451268,0.32941239325013555,1202355.2353629947,0.023053686170251306,84145.95452141727,0.05954767137775912,217349.0005288208,3.3661116006996315e-05,122.86307342553656,0.005646779101935517,20610.743722064635,0.00010229622412107196,373.3812180419127,1445.533170893971,0.425335946504673,1552476.2047420563,0.0631123685143992,230360.14507755707,1.627792332165766,5941442.012405045,0.29701689738875214,1084111.6754689454,0.19179866148878671,700065.1144340715,0.0010948373251463413,3996.156236784145,0.01840584834577514,67181.34646207927,0.001288119876954765,4701.637550884892,0.003327213642174158,12144.329793935676,60910.39709468507,0.0014183776504889316,5177.078424284599,0.027747492777222587,101278.34863686244,0.0016687780025941114,6091.039709468507,0.00431045358070059,15733.155569557153,0.0,0.0,0.0,0.0,0.0,0.0,0.0,0.0,0.0,0.0,0.05984979703474284,218451.75917681135,0.004216929071120039,15391.791109588143,0.0878640558183182,320703.80373686145,0.009922771230862196,36218.11499264702,0.012815259044658524,46775.695513003615
Pd 4nm,6,352.6315789473684,1.0,0.0015999405999406,0.21112944152064153,1.0195904046287483,3721504.9768949314,0.06331158195926515,231087.27415131778,1.238423773633985,4520246.773764045,0.07448076004281232,271854.77415626496,0.19238380319058423,702200.8816456324,0.04075889302665397,148769.95954728697,0.0034152212865154272,12465.55769578131,0.07115215308095449,259705.35874548389,0.008035442150149452,29329.3638480455,0.010377773536918015,37878.873409750755,0.21112944152064153,0.0015999405999406,0.019596541987381297,71527.37825394173,0.32941239325013555,1202355.2353629947,0.023053686170251306,84145.95452141727,0.05954767137775912,217349.0005288208,1.7209293615743458e-05,62.81392169746362,0.002886619759169352,10536.162120968134,5.229358126211944e-05,190.87157160673596,738.9530453222453,0.425335946504673,1552476.2047420563,0.06311901768827796,230384.41456221454,1.627792332165766,5941442.012405045,0.29701689738875214,1084111.6754689454,0.19179866148878671,700065.1144340716,0.0010949526712174082,3996.5772499435393,0.018405848345775144,67181.34646207928,0.001288119876954765,4701.637550884892,0.0033272136421741583,12144.329793935678,60910.39709468507,0.001418527082998689,5177.623852945215,0.027747492777222587,101278.34863686244,0.0016687780025941114,6091.039709468507,0.004310453580700591,15733.155569557155,0.0,0.0,0.0,0.0,0.0,0.0,0.0,0.0,0.0,0.0,0.05984979703474284,218451.75917681135,0.00421737334369748,15393.412704495802,0.0878640558183182,320703.80373686145,0.009922771230862196,36218.11499264702,0.012815259044658526,46775.69551300362
Pd 4nm,7,363.1578947368421,1.0,0.00084999324999325,0.11216578926370925,1.0195904046287483,3721504.9768949314,0.06331485190953541,231099.20946980425,1.238423773633985,4520246.773764045,0.07448076004281232,271854.77415626496,0.19238380319058423,702200.8816456324,0.04863386632069909,177513.61207055167,0.0034153976776815187,12466.201523537544,0.0711521530809545,259705.3587454839,0.008035442150149452,29329.3638480455,0.010377773536918017,37878.87340975076,0.11216578926370925,0.00084999324999325,0.019597554120008298,71531.07253803028,0.32941239325013555,1202355.2353629947,0.023053686170251306,84145.95452141727,0.05954767137775912,217349.0005288208,9.143176262054569e-06,33.37259335649917,0.0015335615026471502,5597.499484662098,2.778177583119352e-05,101.40348178385635,392.5802624229824,0.425335946504673,1552476.2047420563,0.06312227769288631,230396.31357903502,1.627792332165766,5941442.012405045,0.29701689738875214,1084111.6754689454,0.19179866148878674,700065.1144340716,0.0010950092239155461,3996.7836672917433,0.018405848345775144,67181.34646207928,0.001288119876954765,4701.637550884892,0.0033272136421741588,12144.32979393568,60910.39709468507,0.0014186003478402062,5177.891269616753,0.02774749277722259,101278.34863686246,0.0016687780025941114,6091.039709468507,0.004310453580700591,15733.155569557157,0.0,0.0,0.0,0.0,0.0,0.0,0.0,0.0,0.0,0.0,0.05984979703474284,218451.75917681135,0.00421759116483981,15394.207751665304,0.0878640558183182,320703.80373686145,0.009922771230862196,36218.11499264702,0.012815259044658526,46775.695513003615
Pd 4nm,8,373.6842105263158,1.0,0.00046999666999667,0.062021136570096565,1.0195904046287483,3721504.9768949314,0.06331650891468021,231105.2575385828,1.238423773633985,4520246.773764045,0.07448076004281232,271854.77415626496,0.19238380319058423,702200.8816456324,0.05650883961474421,206257.26459381636,0.0034154870616309838,12466.52777495309,0.0711521530809545,259705.3587454839,0.008035442150149452,29329.3638480455,0.010377773536918017,37878.87340975076,0.062021136570096565,0.00046999666999667,0.019598067005169095,71532.9445688672,0.3294123932501356,1202355.235362995,0.023053686170251306,84145.95452141727,0.05954767137775913,217349.00052882082,5.0557752776438305e-06,18.453579763399983,0.0008479700273913632,3095.090599978476,1.5361700963341317e-05,56.0702085161958,217.07397799533797,0.425335946504673,1552476.2047420563,0.06312392965819516,230402.3432524123,1.6277923321657661,5941442.012405046,0.29701689738875214,1084111.6754689454,0.19179866148878677,700065.1144340717,0.0010950378812662768,3996.8882666219106,0.018405848345775144,67181.34646207928,0.001288119876954765,4701.637550884892,0.0033272136421741588,12144.32979393568,60910.39709468507,0.0014186374738541492,5178.026779567644,0.02774749277722259,101278.34863686246,0.0016687780025941114,6091.039709468507,0.004310453580700591,15733.155569557155,0.0,0.0,0.0,0.0,0.0,0.0,0.0,0.0,0.0,0.0,0.05984979703474284,218451.75917681135,0.004217701542895638,15394.610631569078,0.08786405581831822,320703.8037368615,0.009922771230862196,36218.11499264702,0.012815259044658526,46775.69551300362
Pd 4nm,9,384.2105263157895,1.0,0.00026999846999847,0.035629214099774105,1.0195904046287483,3721504.9768949314,0.06331738105748802,231108.44085983123,1.238423773633985,4520246.773764045,0.07448076004281232,271854.77415626496,0.19238380319058423,702200.8816456324,0.06438381290878933,235000.91711708106,0.0034155341076941197,12466.699493083537,0.07115215308095452,259705.35874548397,0.008035442150149452,29329.3638480455,0.010377773536918017,37878.87340975076,0.035629214099774105,0.00026999846999847,0.0195983369555103,71533.9298876126,0.3294123932501356,1202355.235362995,0.023053686170251306,84145.95452141727,0.05954767137775913,217349.00052882082,2.9044256681809004e-06,10.601153688860286,0.000487132408835686,1778.033292250254,8.82481945394542e-06,32.210591006900785,124.70224934920937,0.425335946504673,1552476.2047420563,0.06312479914835174,230405.51689148386,1.6277923321657661,5941442.012405046,0.29701689738875214,1084111.6754689454,0.19179866148878674,700065.1144340716,0.0010950529646849426,3996.94332110004,0.018405848345775144,67181.34646207928,0.001288119876954765,4701.637550884892,0.0033272136421741588,12144.329793935678,60910.39709468507,0.0014186570146420242,5178.098103443388,0.02774749277722259,101278.34863686246,0.0016687780025941114,6091.039709468507,0.004310453580700591,15733.155569557155,0.0,0.0,0.0,0.0,0.0,0.0,0.0,0.0,0.0,0.0,0.05984979703474284,218451.75917681135,0.0042177596389298185,15394.822682093836,0.08786405581831822,320703.8037368615,0.009922771230862196,36218.11499264702,0.012815259044658528,46775.69551300362
Pd 4nm,10,300.0,21.84210526315789,0.076013986013986,10.030866405594402,0.0,0.0,0.06131545052419828,223801.39441332372,1.238423773633985,4520246.773764045,0.07448076004281232,271854.77415626496,0.1923838031905842,702200.8816456323,0.001384026556428445,5051.696930963824,0.003307543822823095,12072.534953304295,0.07115215308095449,259705.35874548389,0.008035442150149452,29329.3638480455,0.010377773536918015,37878.873409750755,10.030866405594402,0.076013986013986,0.01897868862992156,69272.21349921369,0.32941239325013555,1202355.2353629947,0.023053686170251306,84145.95452141727,0.05954767137775912,217349.0005288208,0.0007918436714991651,2890.229400971952,0.13714476275515547,500578.3840563175,0.0024844944586240054,9068.40477397762,35108.032419580406,0.4147647702976845,1513891.4115865484,0.060207045872929105,219755.71743619125,1.6032429070841656,5851836.6108572045,0.29253745985465773,1067761.7284695008,0.1889060647011452,689507.1361591801,0.0010604302445256573,3870.5703925186494,0.01840584834577514,67181.34646207927,0.001288119876954765,4701.637550884892,0.0033272136421741583,12144.329793935678,146184.95302724416,0.0032971266671859094,12034.512335228568,0.0665939826653342,243068.03672846983,0.004005067206225867,14618.495302724416,0.010345088593681415,37759.57336693717,0.0024673785429765605,9005.931681864446,0.0031478908058837217,11489.801441475583,0.08382463437020654,305959.9154512539,0.0038237882580911876,13956.827142032835,0.009876845070649539,36050.48450787082,0.05984979703474284,218451.75917681135,0.004084405074002624,14908.078520109577,0.0878640558183182,320703.80373686145,0.009922771230862196,36218.11499264702,0.012815259044658524,46775.695513003615
Pd 4nm,11,310.5263157894737,21.84210526315789,0.031048951048951,4.097244419580413,0.0,0.0,0.06149988443324174,224474.57818133236,1.238423773633985,4520246.773764045,0.07448076004281232,271854.77415626496,0.19238380319058423,702200.8816456324,0.009258999850473567,33795.34945422852,0.0033174927546398003,12108.84855443527,0.0711521530809545,259705.3587454839,0.008035442150149452,29329.3638480455,0.010377773536918017,37878.87340975076,4.097244419580413,0.031048951048951,0.01903577560722679,69480.58096637779,0.32941239325013555,1202355.2353629947,0.023053686170251306,84145.95452141727,0.05954767137775912,217349.0005288208,0.0003244122553239942,1184.1047319325787,0.05601865194414807,204468.07959614045,0.001014825703430595,3704.113817521672,14340.355468531445,0.4147647702976845,1513891.4115865484,0.0603881457544006,220416.73200356218,1.6032429070841658,5851836.610857205,0.29253745985465773,1067761.7284695008,0.18890606470114524,689507.1361591801,0.001063619967402905,3882.212881020603,0.018405848345775144,67181.34646207928,0.001288119876954765,4701.637550884892,0.0033272136421741583,12144.329793935678,146184.95302724416,0.0033070442647023875,12070.711566163714,0.06659398266533421,243068.03672846986,0.004005067206225867,14618.495302724416,0.010345088593681417,37759.57336693717,0.0024673785429765605,9005.931681864446,0.003157359509148684,11524.362208392697,0.08382463437020654,305959.9154512539,0.0038237882580911876,13956.827142032835,0.009876845070649539,36050.48450787082,0.05984979703474284,218451.75917681135,0.004096690766882234,14952.921299120155,0.0878640558183182,320703.80373686145,0.009922771230862196,36218.11499264702,0.012815259044658526,46775.69551300362
Pd 4nm,12,321.0526315789474,21.84210526315789,0.0135164835164835,1.7836459780219758,0.0,0.0,0.06157209868440504,224738.1601980784,1.238423773633985,4520246.773764045,0.07448076004281232,271854.77415626496,0.19238380319058423,702200.8816456324,0.017133973144518685,62539.0019774932,0.0033213882132609625,12123.066978402514,0.0711521530809545,259705.3587454839,0.008035442150149452,29329.3638480455,0.010377773536918017,37878.87340975076,1.7836459780219758,0.0135164835164835,0.019058127751356114,69562.16629244982,0.3294123932501356,1202355.235362995,0.023053686170251306,84145.95452141727,0.05954767137775913,217349.00052882082,0.00014139162823673413,516.0794430640796,0.024386498095377213,89010.71804812683,0.0004417822318988404,1612.5051464307674,6242.760923076915,0.4147647702976845,1513891.4115865484,0.0604590545823599,220675.54922561365,1.6032429070841658,5851836.610857205,0.29253745985465773,1067761.7284695008,0.18890606470114524,689507.1361591801,0.0010648688887655413,3886.771443994225,0.018405848345775144,67181.34646207928,0.001288119876954765,4701.637550884892,0.0033272136421741588,12144.329793935678,146184.95302724416,0.0033109274545220137,12084.88520900535,0.0665939826653342,243068.03672846983,0.004005067206225867,14618.495302724416,0.010345088593681417,37759.57336693717,0.0024673785429765605,9005.931681864446,0.0031610669364830228,11537.894318163033,0.08382463437020654,305959.9154512539,0.0038237882580911876,13956.827142032835,0.009876845070649539,36050.48450787082,0.05984979703474284,218451.75917681135,0.004101501173579813,14970.479283566317,0.08786405581831822,320703.8037368615,0.009922771230862196,36218.11499264702,0.012815259044658528,46775.69551300362
Pd 4nm,13,331.578947368421,21.84210526315789,0.00619948519948519,0.8180890265122253,0.0,0.0,0.06160228675509526,224848.3466560977,1.2384237736339851,4520246.773764046,0.07448076004281232,271854.77415626496,0.19238380319058426,702200.8816456324,0.025008946438563724,91282.65450075759,0.003323016650561525,12129.010774549566,0.0711521530809545,259705.3587454839,0.008035442150149452,29329.3638480455,0.010377773536918017,37878.87340975076,0.8180890265122253,0.00619948519948519,0.019067471725657367,69596.27179864938,0.3294123932501356,1202355.235362995,0.023053686170251306,84145.95452141727,0.05954767137775913,217349.00052882082,6.488263535405896e-05,236.82161904231518,0.011185138044610092,40825.75386282684,0.00020262832449818556,739.5933844183774,2863.3115927927884,0.4147647702976845,1513891.4115865484,0.06048869694071042,220783.74383359303,1.6032429070841658,5851836.610857205,0.29253745985465773,1067761.7284695008,0.18890606470114527,689507.1361591802,0.0010653909813687938,3888.6770819960975,0.018405848345775144,67181.34646207928,0.001288119876954765,4701.637550884892,0.0033272136421741588,12144.329793935678,146184.95302724416,0.00331255076303647,12090.810285083115,0.06659398266533423,243068.03672846992,0.004005067206225867,14618.495302724416,0.010345088593681419,37759.57336693718,0.0024673785429765605,9005.931681864446,0.0031626167701605174,11543.551211085887,0.08382463437020655,305959.91545125394,0.0038237882580911876,13956.827142032835,0.00987684507064954,36050.484507870824,0.05984979703474284,218451.75917681135,0.004103512091024721,14977.819132240233,0.08786405581831822,320703.8037368615,0.009922771230862196,36218.11499264702,0.012815259044658528,46775.69551300362
Pd 4nm,14,342.1052631578947,21.84210526315789,0.00297980397980397,0.39321731701811574,0.0,0.0,0.06161557972004789,224896.86597817478,1.238423773633985,4520246.773764045,0.07448076004281232,271854.77415626496,0.19238380319058423,702200.8816456324,0.032883919732608846,120026.30702402229,0.0033237337139401706,12131.628055881622,0.0711521530809545,259705.3587454839,0.008035442150149452,29329.3638480455,0.010377773536918015,37878.873409750755,0.39321731701811574,0.00297980397980397,0.01907158623579547,69611.28976065347,0.32941239325013555,1202355.2353629947,0.023053686170251306,84145.95452141727,0.05954767137775912,217349.0005288208,3.11927923897236e-05,113.85369222249113,0.005376175244801563,19623.039643525706,9.739400423293906e-05,355.4881154502276,1376.260609563405,0.4147647702976845,1513891.4115865484,0.06050174960759695,220831.38606772886,1.6032429070841656,5851836.6108572045,0.29253745985465773,1067761.7284695008,0.1889060647011452,689507.1361591801,0.001065620878759332,3889.5162074715618,0.018405848345775144,67181.34646207928,0.001288119876954765,4701.637550884892,0.0033272136421741583,12144.329793935678,146184.95302724416,0.003313265568013952,12093.419323250924,0.0665939826653342,243068.03672846983,0.004005067206225867,14618.495302724416,0.010345088593681415,37759.57336693717,0.0024673785429765605,9005.931681864446,0.003163299221350218,11546.042157928296,0.08382463437020654,305959.9154512539,0.0038237882580911876,13956.827142032835,0.009876845070649539,36050.48450787082,0.05984979703474284,218451.75917681135,0.0041043975750754275,14981.051149025308,0.0878640558183182,320703.80373686145,0.009922771230862196,36218.11499264702,0.012815259044658524,46775.695513003615
Pd 4nm,15,352.6315789473684,21.84210526315789,0.0014999504999505,0.19793466793386794,0.0,0.0,0.06162169145461419,224919.1738093418,1.2384237736339851,4520246.773764046,0.07448076004281232,271854.77415626496,0.19238380319058426,702200.8816456326,0.04075889302665397,148769.95954728697,0.0033240633996839543,12132.831408846434,0.07115215308095452,259705.35874548397,0.008035442150149452,29329.3638480455,0.010377773536918017,37878.87340975076,0.19793466793386794,0.0014999504999505,0.019073477972810057,69618.1946007567,0.3294123932501356,1202355.235362995,0.023053686170251306,84145.95452141727,0.05954767137775913,217349.00052882085,1.5703142148989677e-05,57.31646884381232,0.002706217187746727,9877.692735275554,4.902543467003105e-05,178.94283654561332,692.7713377685378,0.4147647702976845,1513891.4115865484,0.060507750859813976,220853.29063832102,1.6032429070841658,5851836.610857205,0.29253745985465773,1067761.7284695008,0.18890606470114524,689507.1361591802,0.0010657265791680416,3889.9020139633517,0.018405848345775144,67181.34646207928,0.001288119876954765,4701.637550884892,0.0033272136421741588,12144.32979393568,146184.95302724416,0.0033135942154078643,12094.618886238704,0.06659398266533423,243068.03672846992,0.004005067206225867,14618.495302724416,0.010345088593681419,37759.57336693718,0.0024673785429765605,9005.931681864446,0.0031636129933748022,11547.187425818027,0.08382463437020654,305959.9154512539,0.0038237882580911876,13956.827142032835,0.00987684507064954,36050.484507870824,0.05984979703474284,218451.75917681135,0.00410480469594725,14982.53714020746,0.08786405581831822,320703.8037368615,0.009922771230862196,36218.11499264702,0.012815259044658528,46775.69551300363
Pd 4nm,16,363.1578947368421,21.84210526315789,0.00078999378999379,0.10424821252261253,0.0,0.0,0.06162462397728273,224929.87751708194,1.238423773633985,4520246.773764045,0.07448076004281232,271854.77415626496,0.19238380319058423,702200.8816456324,0.04863386632069909,177513.61207055167,0.003324221588968298,12133.408799734289,0.07115215308095452,259705.35874548397,0.008035442150149452,29329.3638480455,0.010377773536918017,37878.87340975076,0.10424821252261253,0.00078999378999379,0.01907438566302762,69621.50767005082,0.32941239325013555,1202355.2353629947,0.023053686170251306,84145.95452141727,0.059547671377759126,217349.0005288208,8.270923035771272e-06,30.188869080565144,0.0014253102170804473,5202.382292343633,2.5820711378374756e-05,94.24559653106785,364.86874382914385,0.4147647702976845,1513891.4115865484,0.060510630371019045,220863.8008542195,1.6032429070841656,5851836.6108572045,0.29253745985465773,1067761.7284695008,0.18890606470114524,689507.1361591801,0.0010657772961684697,3890.087131014914,0.018405848345775144,67181.34646207928,0.001288119876954765,4701.637550884892,0.0033272136421741588,12144.32979393568,146184.95302724416,0.0033137519064728393,12095.194458625863,0.06659398266533421,243068.03672846986,0.004005067206225867,14618.495302724416,0.010345088593681417,37759.57336693717,0.0024673785429765605,9005.931681864446,0.0031637635469639455,11547.736946418401,0.08382463437020654,305959.9154512539,0.0038237882580911876,13956.827142032835,0.00987684507064954,36050.48450787082,0.05984979703474284,218451.75917681135,0.004105000040030423,14983.250146111042,0.08786405581831822,320703.8037368615,0.009922771230862196,36218.11499264702,0.012815259044658526,46775.69551300362
Pd 4nm,17,373.6842105263158,21.84210526315789,0.000423967923967923,0.05594714642114629,0.0,0.0,0.061626135980131454,224935.39632747977,1.238423773633985,4520246.773764045,0.07448076004281232,271854.77415626496,0.19238380319058423,702200.8816456323,0.05650883961474421,206257.26459381636,0.0033243031510483225,12133.706501326376,0.07115215308095452,259705.35874548397,0.008035442150149452,29329.3638480455,0.010377773536918017,37878.87340975076,0.05594714642114629,0.000423967923967923,0.019074853666296424,69623.21588198195,0.32941239325013555,1202355.2353629947,0.023053686170251306,84145.95452141727,0.059547671377759126,217349.0005288208,4.43888565986271e-06,16.20193265849889,0.0007649247644726638,2791.975390325223,1.3857265129325291e-05,50.57901772203731,195.815012474012,0.4147647702976845,1513891.4115865484,0.06051211504126276,220869.21990060905,1.6032429070841658,5851836.610857205,0.29253745985465773,1067761.7284695008,0.18890606470114524,689507.1361591801,0.0010658034457529037,3890.1825769980983,0.018405848345775144,67181.34646207928,0.001288119876954765,4701.637550884892,0.0033272136421741588,12144.329793935678,146184.95302724416,0.0033138332116719486,12095.491222602612,0.06659398266533421,243068.03672846986,0.004005067206225867,14618.495302724416,0.010345088593681417,37759.57336693717,0.0024673785429765605,9005.931681864446,0.003163841172094729,11548.02027814576,0.08382463437020655,305959.91545125394,0.0038237882580911876,13956.827142032835,0.00987684507064954,36050.48450787082,0.05984979703474284,218451.75917681135,0.004105100759050741,14983.617770535206,0.0878640558183182,320703.80373686145,0.009922771230862196,36218.11499264702,0.012815259044658526,46775.695513003615
Pd 4nm,18,384.2105263157895,21.84210526315789,0.000237986337986337,0.031404867549747424,0.0,0.0,0.06162690427308376,224938.20059675572,1.238423773633985,4520246.773764045,0.07448076004281232,271854.77415626496,0.19238380319058423,702200.8816456324,0.06438381290878933,235000.91711708106,0.0033243445951311235,12133.8577722286,0.0711521530809545,259705.3587454839,0.008035442150149452,29329.3638480455,0.010377773536918017,37878.87340975076,0.031404867549747424,0.000237986337986337,0.019075091472470787,69624.08387451837,0.3294123932501356,1202355.235362995,0.023053686170251306,84145.95452141727,0.059547671377759126,217349.00052882082,2.4917151823849816e-06,9.094760415705183,0.0004293759816265812,1567.2223329370213,7.778512468040867e-06,28.39157050834916,109.91703642411599,0.4147647702976845,1513891.4115865484,0.060512869445717564,220871.97347686908,1.6032429070841658,5851836.610857205,0.29253745985465773,1067761.7284695008,0.18890606470114524,689507.1361591802,0.0010658167331229925,3890.2310758989224,0.018405848345775144,67181.34646207928,0.001288119876954765,4701.637550884892,0.0033272136421741583,12144.329793935678,146184.95302724416,0.0033138745252260303,12095.64201707501,0.0665939826653342,243068.03672846983,0.004005067206225867,14618.495302724416,0.010345088593681415,37759.57336693717,0.0024673785429765605,9005.931681864446,0.0031638806156982593,11548.164247298646,0.08382463437020654,305959.9154512539,0.0038237882580911876,13956.827142032835,0.009876845070649539,36050.48450787082,0.05984979703474284,218451.75917681135,0.0041051519373362455,14983.804571277295,0.08786405581831822,320703.8037368615,0.009922771230862196,36218.11499264702,0.012815259044658526,46775.69551300362
Pd 4nm,19,300.0,42.68421052631579,0.076013986013986,10.030866405594402,0.0,0.0,0.06229863037737252,227390.0008774097,1.238423773633985,4520246.773764045,0.07448076004281232,271854.77415626496,0.1923838031905842,702200.8816456324,0.001384026556428445,5051.696930963824,0.0033605795654016676,12266.115413716087,0.07115215308095452,259705.35874548397,0.008035442150149452,29329.3638480455,0.010377773536918017,37878.87340975076,10.030866405594402,0.076013986013986,0.019283007755706044,70382.97830832706,0.3294123932501356,1202355.235362995,0.023053686170251306,84145.95452141727,0.059547671377759126,217349.00052882082,0.0008045407117724687,2936.573597969511,0.1371447627551555,500578.38405631756,0.0024844944586240054,9068.404773977622,35108.032419580406,0.34110250394521696,1245024.139400042,0.050572151202419785,184588.3518888322,1.3254240942294422,4837797.943937464,0.24184494816273427,882734.0607939801,0.15617137527608568,570025.5197577127,0.0010774340118176028,3932.6341431342503,0.018405848345775144,67181.34646207928,0.001288119876954765,4701.637550884892,0.0033272136421741583,12144.32979393568,499465.2561764175,0.011445817524244953,41777.23396349408,0.22752944077322518,830482.4588222719,0.013683979621271714,49946.52561764175,0.03534571936174484,129011.87567036867,0.004936297042694106,18017.484205833487,0.0031983665472160943,11674.037897338743,0.08382463437020655,305959.91545125394,0.0038237882580911876,13956.827142032835,0.00987684507064954,36050.484507870824,0.05984979703474284,218451.75917681135,0.004149897617017981,15147.126302115628,0.0878640558183182,320703.80373686145,0.009922771230862196,36218.11499264702,0.012815259044658526,46775.69551300362
Pd 4nm,20,310.5263157894737,42.68421052631579,0.0311388611388611,4.109109026973021,0.0,0.0,0.062488653718325536,228083.58607188822,1.238423773633985,4520246.773764045,0.07448076004281232,271854.77415626496,0.1923838031905842,702200.8816456323,0.009258999850473567,33795.34945422852,0.0033708300083518227,12303.529530484153,0.0711521530809545,259705.3587454839,0.008035442150149452,29329.3638480455,0.010377773536918017,37878.87340975076,4.109109026973021,0.0311388611388611,0.019341824804093244,70597.66053494034,0.32941239325013555,1202355.2353629947,0.023053686170251306,84145.95452141727,0.05954767137775912,217349.0005288208,0.0003305825404611746,1206.6262726832872,0.05618086811773152,205060.16862972005,0.0010177643878999888,3714.840015834959,14381.881594405573,0.34110250394521696,1245024.139400042,0.050726406425567604,185151.38345332176,1.3254240942294424,4837797.943937465,0.24184494816273427,882734.0607939801,0.15617137527608568,570025.5197577127,0.0010807204020535006,3944.6294674952765,0.018405848345775144,67181.34646207928,0.001288119876954765,4701.637550884892,0.0033272136421741583,12144.329793935678,499465.2561764175,0.011480729567619273,41904.66292181034,0.22752944077322515,830482.4588222718,0.013683979621271714,49946.52561764175,0.035345719361744826,129011.87567036862,0.004936297042694106,18017.484205833487,0.0032081222078656595,11709.646058709657,0.08382463437020654,305959.9154512539,0.0038237882580911876,13956.827142032835,0.009876845070649539,36050.48450787082,0.05984979703474284,218451.75917681135,0.004162555638631328,15193.328081004347,0.0878640558183182,320703.80373686145,0.009922771230862196,36218.11499264702,0.012815259044658526,46775.695513003615
Pd 4nm,21,321.0526315789474,42.68421052631579,0.0134965034965034,1.7810093986013857,0.0,0.0,0.06256367797033531,228357.42459172386,1.2384237736339851,4520246.773764046,0.07448076004281232,271854.77415626496,0.19238380319058423,702200.8816456324,0.017133973144518685,62539.0019774932,0.003374877047053738,12318.301221746144,0.07115215308095452,259705.35874548397,0.008035442150149452,29329.3638480455,0.010377773536918017,37878.87340975076,1.7810093986013857,0.0134965034965034,0.01936504671482558,70682.42050911338,0.32941239325013555,1202355.2353629947,0.023053686170251306,84145.95452141727,0.05954767137775912,217349.0005288208,0.00014345627950703558,523.6154202006799,0.024350450056802975,88879.14270733086,0.0004411291909056392,1610.121546805583,6233.5328951048505,0.34110250394521696,1245024.139400042,0.05078730885301269,185373.67731349633,1.3254240942294424,4837797.943937465,0.24184494816273427,882734.0607939801,0.15617137527608568,570025.5197577127,0.00108201792144256,3949.3654132653437,0.018405848345775144,67181.34646207928,0.001288119876954765,4701.637550884892,0.0033272136421741583,12144.329793935678,499465.2561764175,0.01149451340031664,41954.973911155736,0.22752944077322518,830482.4588222719,0.013683979621271714,49946.52561764175,0.03534571936174484,129011.87567036865,0.004936297042694106,18017.484205833487,0.0032119738986075654,11723.704729917614,0.08382463437020654,305959.9154512539,0.0038237882580911876,13956.827142032835,0.00987684507064954,36050.48450787082,0.05984979703474284,218451.75917681135,0.004167553227868008,15211.569281718228,0.08786405581831822,320703.8037368615,0.009922771230862196,36218.11499264702,0.012815259044658526,46775.695513003615
Pd 4nm,22,331.578947368421,42.68421052631579,0.00617539847539847,0.8149105231323623,0.0,0.0,0.06259486393775847,228471.2533728184,1.238423773633985,4520246.773764045,0.07448076004281232,271854.77415626496,0.1923838031905842,702200.8816456324,0.025008946438563724,91282.65450075759,0.003376559313970598,12324.441495992683,0.0711521530809545,259705.3587454839,0.008035442150149452,29329.3638480455,0.010377773536918015,37878.873409750755,0.8149105231323623,0.00617539847539847,0.019374699563500544,70717.65340677698,0.32941239325013555,1202355.2353629947,0.023053686170251306,84145.95452141727,0.05954767137775912,217349.0005288208,6.567191882625908e-05,239.70250371584564,0.011141680672702053,40667.134455362495,0.0002018410571062499,736.7198584378121,2852.186830963268,0.34110250394521696,1245024.139400042,0.05081262468179359,185466.0800885466,1.3254240942294422,4837797.943937464,0.24184494816273427,882734.0607939801,0.15617137527608568,570025.5197577127,0.0010825572723366264,3951.334044028686,0.01840584834577514,67181.34646207927,0.001288119876954765,4701.637550884892,0.0033272136421741583,12144.329793935678,499465.2561764175,0.011500243043011516,41975.887106992035,0.22752944077322518,830482.4588222719,0.013683979621271714,49946.52561764175,0.03534571936174483,129011.87567036865,0.004936297042694106,18017.484205833487,0.0032135749635803365,11729.548617068227,0.08382463437020654,305959.9154512539,0.0038237882580911876,13956.827142032835,0.009876845070649539,36050.48450787082,0.05984979703474284,218451.75917681135,0.004169630618191195,15219.151756397861,0.0878640558183182,320703.80373686145,0.009922771230862196,36218.11499264702,0.012815259044658524,46775.695513003615
Pd 4nm,23,342.1052631578947,42.68421052631579,0.00296471636471636,0.39122634326106265,0.0,0.0,0.06260855040205664,228521.20896750674,1.2384237736339851,4520246.773764046,0.07448076004281232,271854.77415626496,0.19238380319058423,702200.8816456326,0.032883919732608846,120026.30702402229,0.003377297603913161,12327.136254283037,0.07115215308095452,259705.35874548397,0.008035442150149452,29329.3638480455,0.010377773536918017,37878.87340975076,0.39122634326106265,0.00296471636471636,0.01937893587167636,70733.11593161871,0.3294123932501356,1202355.235362995,0.023053686170251306,84145.95452141727,0.059547671377759126,217349.00052882082,3.15349988145052e-05,115.10274567294397,0.005348954104321563,19523.682480773707,9.690087003429143e-05,353.68817562516375,1369.2922014137193,0.34110250394521696,1245024.139400042,0.050823734941163996,185506.6325352486,1.3254240942294426,4837797.943937466,0.24184494816273427,882734.0607939801,0.1561713752760857,570025.5197577128,0.0010827939751669625,3952.1980093594125,0.018405848345775144,67181.34646207928,0.001288119876954765,4701.637550884892,0.0033272136421741588,12144.32979393568,499465.2561764175,0.011502757589028982,41985.06519995578,0.22752944077322518,830482.4588222719,0.013683979621271714,49946.52561764175,0.03534571936174484,129011.87567036867,0.004936297042694106,18017.484205833487,0.003214277616741342,11732.113301105896,0.08382463437020655,305959.91545125394,0.0038237882580911876,13956.827142032835,0.00987684507064954,36050.484507870824,0.05984979703474284,218451.75917681135,0.004170542314407185,15222.479447586225,0.08786405581831822,320703.8037368615,0.009922771230862196,36218.11499264702,0.012815259044658526,46775.69551300362
Pd 4nm,24,352.6315789473684,42.68421052631579,0.00148686268686268,0.19620758964854876,0.0,0.0,0.06261485219395245,228544.21050792644,1.2384237736339851,4520246.773764046,0.07448076004281232,271854.77415626496,0.19238380319058423,702200.8816456324,0.04075889302665397,148769.95954728697,0.0033776375419333417,12328.377028056697,0.0711521530809545,259705.3587454839,0.008035442150149452,29329.3638480455,0.010377773536918015,37878.873409750755,0.19620758964854876,0.00148686268686268,0.019380886436259653,70740.23549234773,0.3294123932501356,1202355.235362995,0.023053686170251306,84145.95452141727,0.059547671377759126,217349.00052882082,1.5817004656831227e-05,57.732066997433975,0.002682604098695159,9791.504960237331,4.859766340322479e-05,177.38147142177053,686.7265637699206,0.34110250394521696,1245024.139400042,0.050828850545964144,185525.30449276912,1.3254240942294424,4837797.943937465,0.24184494816273427,882734.0607939801,0.15617137527608568,570025.5197577127,0.0010829029625537285,3952.5958133211093,0.018405848345775144,67181.34646207928,0.001288119876954765,4701.637550884892,0.0033272136421741583,12144.329793935678,499465.2561764175,0.011503915385912769,41989.291158581604,0.22752944077322518,830482.4588222719,0.013683979621271714,49946.52561764175,0.03534571936174483,129011.87567036865,0.004936297042694106,18017.484205833487,0.003214601146171523,11733.294183526059,0.08382463437020655,305959.91545125394,0.0038237882580911876,13956.827142032835,0.009876845070649539,36050.48450787082,0.05984979703474284,218451.75917681135,0.004170962095564699,15224.01164881115,0.08786405581831822,320703.8037368615,0.009922771230862196,36218.11499264702,0.012815259044658526,46775.69551300362
Pd 4nm,25,363.1578947368421,42.68421052631579,0.000776932976932976,0.10252469718245706,0.0,0.0,0.06261787989285025,228555.26160890338,1.238423773633985,4520246.773764045,0.07448076004281232,271854.77415626496,0.1923838031905842,702200.8816456324,0.04863386632069909,177513.61207055167,0.0033778008653159667,12328.973158403278,0.0711521530809545,259705.3587454839,0.008035442150149452,29329.3638480455,0.010377773536918015,37878.873409750755,0.10252469718245706,0.000776932976932976,0.01938182358593653,70743.65608866834,0.32941239325013555,1202355.2353629947,0.023053686170251306,84145.95452141727,0.05954767137775912,217349.0005288208,8.265286927372862e-06,30.168297284910945,0.0014017458415945309,5116.3723218200375,2.5393822599397343e-05,92.68745248780031,358.8364401385997,0.34110250394521696,1245024.139400042,0.05083130834071063,185534.2754435938,1.3254240942294424,4837797.943937465,0.24184494816273427,882734.0607939801,0.15617137527608568,570025.5197577127,0.0010829553255952639,3952.786938422713,0.018405848345775144,67181.34646207928,0.001288119876954765,4701.637550884892,0.0033272136421741583,12144.329793935678,499465.2561764175,0.011504471649973355,41991.321522402744,0.22752944077322515,830482.4588222718,0.013683979621271714,49946.52561764175,0.03534571936174483,129011.87567036864,0.004936297042694106,18017.484205833487,0.0032147565860393195,11733.861539043515,0.08382463437020654,305959.9154512539,0.0038237882580911876,13956.827142032835,0.009876845070649539,36050.48450787082,0.05984979703474284,218451.75917681135,0.004171163779620431,15224.747795614572,0.0878640558183182,320703.80373686145,0.009922771230862196,36218.11499264702,0.012815259044658526,46775.695513003615
Pd 4nm,26,373.6842105263158,42.68421052631579,0.00042096822096822,0.05555130321354309,0.0,0.0,0.06261939811688091,228560.80312661533,1.238423773633985,4520246.773764045,0.07448076004281232,271854.77415626496,0.1923838031905842,702200.8816456324,0.05650883961474421,206257.26459381636,0.0033778827629856634,12329.27208489767,0.07115215308095452,259705.35874548397,0.008035442150149452,29329.3638480455,0.010377773536918017,37878.87340975076,0.05555130321354309,0.00042096822096822,0.019382293514819092,70745.37132908968,0.32941239325013555,1202355.2353629947,0.023053686170251306,84145.95452141727,0.05954767137775912,217349.0005288208,4.478516935826597e-06,16.34658681576708,0.0007595126873299853,2772.2213087544465,1.375922073156264e-05,50.221155670203636,194.4295612474008,0.34110250394521696,1245024.139400042,0.05083254078923755,185538.77388071705,1.3254240942294422,4837797.943937464,0.24184494816273427,882734.0607939801,0.15617137527608566,570025.5197577127,0.0010829815827729625,3952.8827771213128,0.018405848345775144,67181.34646207928,0.001288119876954765,4701.637550884892,0.0033272136421741583,12144.329793935678,499465.2561764175,0.0115047505857238,41992.33963789187,0.22752944077322518,830482.4588222719,0.013683979621271714,49946.52561764175,0.03534571936174483,129011.87567036865,0.004936297042694106,18017.484205833487,0.0032148345305610766,11734.146036547929,0.08382463437020654,305959.9154512539,0.0038237882580911876,13956.827142032835,0.00987684507064954,36050.484507870824,0.05984979703474284,218451.75917681135,0.004171264913052238,15225.116932640669,0.0878640558183182,320703.80373686145,0.009922771230862196,36218.11499264702,0.012815259044658526,46775.69551300362
Pd 4nm,27,384.2105263157895,42.68421052631579,0.000235986535986535,0.031140972078011947,0.0,0.0,0.06262018711068615,228563.6829540044,1.2384237736339851,4520246.773764046,0.07448076004281232,271854.77415626496,0.19238380319058426,702200.8816456326,0.06438381290878933,235000.91711708106,0.003377925323736084,12329.427431636706,0.07115215308095452,259705.35874548397,0.008035442150149452,29329.3638480455,0.010377773536918017,37878.87340975076,0.031140972078011947,0.000235986535986535,0.01938253772843299,70746.26270878041,0.3294123932501356,1202355.235362995,0.023053686170251306,84145.95452141727,0.05954767137775913,217349.00052882082,2.5106004723849262e-06,9.16369172420498,0.00042576793019812856,1554.0529452231692,7.713149536199098e-06,28.152995807126707,108.99340227304181,0.34110250394521696,1245024.139400042,0.05083318127063777,185541.11163782785,1.3254240942294424,4837797.943937465,0.24184494816273427,882734.0607939801,0.15617137527608568,570025.5197577128,0.0010829952281573908,3952.9325827744765,0.018405848345775144,67181.34646207928,0.001288119876954765,4701.637550884892,0.0033272136421741588,12144.32979393568,499465.2561764175,0.011504895543631663,41992.86873425557,0.22752944077322518,830482.4588222719,0.013683979621271714,49946.52561764175,0.03534571936174483,129011.87567036865,0.004936297042694106,18017.484205833487,0.003214875036931398,11734.293884799603,0.08382463437020655,305959.91545125394,0.0038237882580911876,13956.827142032835,0.00987684507064954,36050.484507870824,0.05984979703474284,218451.75917681135,0.004171317470283309,15225.308766534077,0.08786405581831822,320703.8037368615,0.009922771230862196,36218.11499264702,0.012815259044658526,46775.69551300362
Pd 4nm,28,300.0,63.52631578947368,0.076013986013986,10.030866405594402,0.0,0.0,0.06553558719495965,239204.89326160273,1.2384237736339851,4520246.773764046,0.07448076004281232,271854.77415626496,0.19238380319058426,702200.8816456326,0.001384026556428445,5051.696930963824,0.0035351909632667148,12903.447015923508,0.07115215308095452,259705.35874548397,0.008035442150149452,29329.3638480455,0.010377773536918019,37878.87340975077,10.030866405594402,0.076013986013986,0.020284928071454895,74039.98746081036,0.32941239325013555,1202355.2353629947,0.023053686170251306,84145.95452141727,0.059547671377759126,217349.00052882082,0.0008463436137981316,3089.15419036318,0.1371447627551555,500578.38405631756,0.0024844944586240054,9068.40477397762,35108.032419580406,0.3002078751249152,1095758.7442059405,0.0450843613365273,164557.91887832465,1.123235081497273,4099808.0474650464,0.20495231016394058,748075.9320983831,0.13234795428836463,483070.0331525309,0.0011334160992074402,4136.968762107156,0.018405848345775144,67181.34646207928,0.001288119876954765,4701.637550884892,0.0033272136421741588,12144.32979393568,499465.2561764175,0.012040527501712125,43947.92538124925,0.22752944077322523,830482.4588222721,0.013683979621271714,49946.52561764175,0.03534571936174484,129011.87567036868,0.0074052155424116535,27029.036729802534,0.0033645495650038177,12280.605912263934,0.08382463437020654,305959.9154512539,0.0038237882580911876,13956.827142032835,0.009876845070649539,36050.484507870824,0.05984979703474284,218451.75917681135,0.004365520967039073,15934.151529692619,0.08786405581831822,320703.8037368615,0.009922771230862196,36218.11499264702,0.012815259044658526,46775.69551300362
Pd 4nm,29,310.5263157894737,63.52631578947368,0.0311388611388611,4.109109026973021,0.0,0.0,0.06574590361282463,239972.5481868099,1.2384237736339851,4520246.773764046,0.07448076004281232,271854.77415626496,0.19238380319058423,702200.8816456324,0.009258999850473567,33795.34945422852,0.003546536077145851,12944.856681582356,0.07115215308095452,259705.35874548397,0.008035442150149452,29329.3638480455,0.010377773536918017,37878.87340975076,4.109109026973021,0.0311388611388611,0.02035002634235229,74277.59614958585,0.3294123932501356,1202355.235362995,0.023053686170251306,84145.95452141727,0.059547671377759126,217349.0005288208,0.0003478143078456049,1269.522223636458,0.05618086811773152,205060.16862972005,0.0010177643878999888,3714.8400158349596,14381.881594405573,0.3002078751249152,1095758.7442059405,0.04522904580162291,165086.0171759236,1.1232350814972731,4099808.047465047,0.20495231016394058,748075.9320983831,0.13234795428836463,483070.0331525309,0.0011370534514329824,4150.245097730385,0.018405848345775144,67181.34646207928,0.001288119876954765,4701.637550884892,0.0033272136421741583,12144.329793935678,499465.2561764175,0.012079167891182224,44088.96280281512,0.22752944077322518,830482.4588222719,0.013683979621271714,49946.52561764175,0.03534571936174483,129011.87567036865,0.0074052155424116535,27029.036729802534,0.0033753470575193837,12320.016759945749,0.08382463437020654,305959.9154512539,0.0038237882580911876,13956.827142032835,0.009876845070649539,36050.48450787082,0.05984979703474284,218451.75917681135,0.004379530771043283,15985.287314307981,0.08786405581831822,320703.8037368615,0.009922771230862196,36218.11499264702,0.012815259044658526,46775.69551300362
Pd 4nm,30,321.0526315789474,63.52631578947368,0.0134965034965034,1.7810093986013857,0.0,0.0,0.06582895825571747,240275.69763336875,1.2384237736339851,4520246.773764046,0.07448076004281232,271854.77415626496,0.19238380319058423,702200.8816456324,0.017133973144518685,62539.0019774932,0.003551016299809282,12961.20949430388,0.07115215308095452,259705.35874548397,0.008035442150149452,29329.3638480455,0.010377773536918017,37878.87340975076,1.7810093986013857,0.0134965034965034,0.0203757338629406,74371.42859973319,0.32941239325013555,1202355.2353629947,0.023053686170251306,84145.95452141727,0.059547671377759126,217349.0005288208,0.00015094345060191113,550.9435946969757,0.024350450056802975,88879.14270733086,0.00044112919090563924,1610.121546805583,6233.5328951048505,0.3002078751249152,1095758.7442059405,0.04528618217120662,165294.56492490415,1.1232350814972731,4099808.047465047,0.20495231016394058,748075.9320983831,0.13234795428836463,483070.03315253084,0.0011384898537511402,4155.487966191661,0.018405848345775144,67181.34646207928,0.001288119876954765,4701.637550884892,0.0033272136421741588,12144.329793935678,499465.2561764175,0.012094427107658321,44144.658942952876,0.22752944077322518,830482.4588222719,0.013683979621271714,49946.52561764175,0.03534571936174484,129011.87567036865,0.0074052155424116535,27029.036729802534,0.0033796110227110794,12335.58023289544,0.08382463437020654,305959.9154512539,0.0038237882580911876,13956.827142032835,0.00987684507064954,36050.48450787082,0.05984979703474284,218451.75917681135,0.004385063288572728,16005.481003290457,0.08786405581831822,320703.8037368615,0.009922771230862196,36218.11499264702,0.012815259044658526,46775.69551300362
Pd 4nm,31,331.578947368421,63.52631578947368,0.00616739926739926,0.8138549412454202,0.0,0.0,0.06586352308772535,240401.8592701975,1.238423773633985,4520246.773764045,0.07448076004281232,271854.77415626496,0.19238380319058423,702200.8816456324,0.025008946438563724,91282.65450075759,0.0035528808330650475,12968.015040687422,0.0711521530809545,259705.3587454839,0.008035442150149452,29329.3638480455,0.010377773536918017,37878.87340975076,0.8138549412454202,0.00616739926739926,0.020386432555988033,74410.47882935632,0.3294123932501356,1202355.235362995,0.023053686170251306,84145.95452141727,0.059547671377759126,217349.00052882082,6.901175032772411e-05,251.89288869619298,0.011127248466988243,40614.45690450708,0.00020157960537888278,735.7655596329222,2848.492294358971,0.3002078751249152,1095758.7442059405,0.045309960601254765,165381.3561945799,1.123235081497273,4099808.0474650464,0.20495231016394058,748075.9320983831,0.13234795428836463,483070.03315253084,0.0011390876409800481,4157.669889577175,0.018405848345775144,67181.34646207928,0.001288119876954765,4701.637550884892,0.0033272136421741583,12144.329793935678,499465.2561764175,0.012100777532338961,44167.8379930372,0.22752944077322518,830482.4588222719,0.013683979621271714,49946.52561764175,0.03534571936174484,129011.87567036865,0.0074052155424116535,27029.036729802534,0.0033813855561435884,12342.057279924096,0.08382463437020654,305959.9154512539,0.0038237882580911876,13956.827142032835,0.00987684507064954,36050.48450787082,0.05984979703474284,218451.75917681135,0.004387365755145641,16013.88500628159,0.08786405581831822,320703.8037368615,0.009922771230862196,36218.11499264702,0.012815259044658528,46775.69551300362
Pd 4nm,32,342.1052631578947,63.52631578947368,0.00295971685971685,0.3905666045817233,0.0,0.0,0.06587866227998256,240457.1173219363,1.238423773633985,4520246.773764045,0.07448076004281232,271854.77415626496,0.1923838031905842,702200.8816456323,0.032883919732608846,120026.30702402229,0.0035536974876179328,12970.995829805453,0.0711521530809545,259705.3587454839,0.008035442150149452,29329.3638480455,0.010377773536918015,37878.873409750755,0.3905666045817233,0.00295971685971685,0.020391118520349406,74427.58259927532,0.3294123932501356,1202355.235362995,0.023053686170251306,84145.95452141727,0.059547671377759126,217349.0005288208,3.312614954924844e-05,120.91044585475679,0.005339933975750422,19490.75901148904,9.673746270468684e-05,353.09173887210693,1366.9831160360316,0.3002078751249152,1095758.7442059405,0.04532037541316507,165419.37025805248,1.123235081497273,4099808.0474650464,0.20495231016394058,748075.9320983831,0.1323479542883646,483070.0331525308,0.001139349468255392,4158.625559132181,0.018405848345775144,67181.34646207928,0.001288119876954765,4701.637550884892,0.0033272136421741583,12144.329793935678,499465.2561764175,0.012103558980839363,44177.99028006368,0.22752944077322515,830482.4588222718,0.013683979621271714,49946.52561764175,0.03534571936174483,129011.87567036864,0.0074052155424116535,27029.036729802534,0.003382162791305485,12344.89418826502,0.08382463437020654,305959.9154512539,0.0038237882580911876,13956.827142032835,0.009876845070649539,36050.48450787082,0.05984979703474284,218451.75917681135,0.00438837422190472,16017.565909952227,0.08786405581831822,320703.8037368615,0.009922771230862196,36218.11499264702,0.012815259044658526,46775.695513003615
Pd 4nm,33,352.6315789473684,63.52631578947368,0.00148386298386298,0.19581174644094593,0.0,0.0,0.06588563015654535,240482.55007139052,1.2384237736339851,4520246.773764046,0.07448076004281232,271854.77415626496,0.19238380319058426,702200.8816456326,0.04075889302665397,148769.95954728697,0.0035540733562919205,12972.36775046551,0.07115215308095452,259705.35874548397,0.008035442150149452,29329.3638480455,0.010377773536918019,37878.87340975076,0.19581174644094593,0.00148386298386298,0.020393275255047857,74435.45468092468,0.32941239325013555,1202355.2353629947,0.023053686170251306,84145.95452141727,0.059547671377759126,217349.0005288208,1.660965168342007e-05,60.62522864448325,0.0026771920215524856,9771.750878666573,4.849961900546224e-05,177.0236093699372,685.3411125433107,0.3002078751249152,1095758.7442059405,0.04532516887391138,165436.86638977652,1.123235081497273,4099808.0474650464,0.20495231016394058,748075.9320983831,0.13234795428836463,483070.0331525309,0.001139469975354078,4159.065410042385,0.018405848345775144,67181.34646207928,0.001288119876954765,4701.637550884892,0.003327213642174159,12144.32979393568,499465.2561764175,0.012104839154146323,44182.662912634085,0.22752944077322518,830482.4588222719,0.013683979621271714,49946.52561764175,0.03534571936174484,129011.87567036867,0.0074052155424116535,27029.036729802534,0.0033825205170398805,12346.199887195564,0.08382463437020655,305959.91545125394,0.0038237882580911876,13956.827142032835,0.00987684507064954,36050.484507870824,0.05984979703474284,218451.75917681135,0.004388838372948948,16019.26006126366,0.08786405581831822,320703.8037368615,0.009922771230862196,36218.11499264702,0.012815259044658528,46775.69551300362
Pd 4nm,34,363.1578947368421,63.52631578947368,0.000773933273933273,0.10212885397485384,0.0,0.0,0.06588898243795267,240494.78589852725,1.238423773633985,4520246.773764045,0.07448076004281232,271854.77415626496,0.19238380319058423,702200.8816456324,0.04863386632069909,177513.61207055167,0.003554254188652547,12973.027788581796,0.0711521530809545,259705.3587454839,0.008035442150149452,29329.3638480455,0.010377773536918017,37878.87340975076,0.10212885397485384,0.000773933273933273,0.020394312871252023,74439.24198006988,0.3294123932501356,1202355.235362995,0.023053686170251306,84145.95452141727,0.059547671377759126,217349.00052882082,8.663479243264215e-06,31.621699237914385,0.0013963337644518521,5096.61824024926,2.5295778201634695e-05,92.32959043596664,357.4509889119885,0.3002078751249152,1095758.7442059405,0.045327475032637315,165445.2838691262,1.1232350814972727,4099808.0474650455,0.20495231016394058,748075.9320983831,0.1323479542883646,483070.0331525308,0.0011395279519417422,4159.277024587359,0.01840584834577514,67181.34646207927,0.001288119876954765,4701.637550884892,0.0033272136421741583,12144.329793935678,499465.2561764175,0.012105455052137108,44184.91094030044,0.22752944077322515,830482.4588222718,0.013683979621271714,49946.52561764175,0.03534571936174483,129011.87567036864,0.0074052155424116535,27029.036729802534,0.0033826926207385505,12346.828065695709,0.08382463437020654,305959.9154512539,0.0038237882580911876,13956.827142032835,0.009876845070649539,36050.48450787082,0.05984979703474284,218451.75917681135,0.0043890616784139245,16020.075126210824,0.0878640558183182,320703.80373686145,0.009922771230862196,36218.11499264702,0.012815259044658526,46775.695513003615
Pd 4nm,35,373.6842105263158,63.52631578947368,0.000418968418968418,0.05528740774180761,0.0,0.0,0.06589065870658342,240500.9042790295,1.238423773633985,4520246.773764045,0.07448076004281232,271854.77415626496,0.1923838031905842,702200.8816456323,0.05650883961474421,206257.26459381636,0.003554344611733641,12973.357832827787,0.07115215308095452,259705.35874548397,0.008035442150149452,29329.3638480455,0.010377773536918017,37878.87340975076,0.05528740774180761,0.000418968418968418,0.02039483171895079,74441.13577417037,0.3294123932501356,1202355.235362995,0.023053686170251306,84145.95452141727,0.059547671377759126,217349.0005288208,4.690089787673218e-06,17.118827725007247,0.0007559046359015327,2759.051921040594,1.369385779972087e-05,49.982580968981175,193.50592709632664,0.3002078751249152,1095758.7442059405,0.04532862820000609,165449.4929300222,1.123235081497273,4099808.0474650464,0.20495231016394058,748075.9320983831,0.1323479542883646,483070.03315253084,0.0011395569424480308,4159.382839935312,0.018405848345775144,67181.34646207928,0.001288119876954765,4701.637550884892,0.0033272136421741583,12144.329793935678,499465.2561764175,0.012105763024635912,44186.03503992107,0.22752944077322518,830482.4588222719,0.013683979621271714,49946.52561764175,0.03534571936174483,129011.87567036864,0.0074052155424116535,27029.036729802534,0.00338277867915557,12347.14217891783,0.08382463437020654,305959.9154512539,0.0038237882580911876,13956.827142032835,0.009876845070649539,36050.48450787082,0.05984979703474284,218451.75917681135,0.004389173339668018,16020.482689788267,0.08786405581831822,320703.8037368615,0.009922771230862196,36218.11499264702,0.012815259044658526,46775.695513003615
Pd 4nm,36,384.2105263157895,63.52631578947368,0.000234986634986634,0.031009024342144212,0.0,0.0,0.06589152756670197,240504.0756184622,1.238423773633985,4520246.773764045,0.07448076004281232,271854.77415626496,0.19238380319058423,702200.8816456324,0.06438381290878933,235000.91711708106,0.00355439148071843,12973.528904622268,0.0711521530809545,259705.3587454839,0.008035442150149452,29329.3638480455,0.010377773536918017,37878.873409750755,0.031009024342144212,0.000234986634986634,0.020395100653216324,74442.11738423958,0.32941239325013555,1202355.2353629947,0.023053686170251306,84145.95452141727,0.05954767137775912,217349.0005288208,2.6305633072268937e-06,9.60155607137816,0.0004239639044839023,1547.4682513662433,7.680468070278211e-06,28.03370845651547,108.53158519750473,0.3002078751249152,1095758.7442059405,0.04532922592111018,165451.67461205216,1.1232350814972731,4099808.047465047,0.20495231016394058,748075.9320983831,0.13234795428836463,483070.0331525309,0.0011395719690936819,4159.4376871919385,0.018405848345775144,67181.34646207928,0.001288119876954765,4701.637550884892,0.0033272136421741588,12144.329793935678,499465.2561764175,0.012105922655984315,44186.61769434275,0.22752944077322515,830482.4588222718,0.013683979621271714,49946.52561764175,0.03534571936174483,129011.87567036864,0.0074052155424116535,27029.036729802534,0.003382823285804553,12347.304993186617,0.08382463437020654,305959.9154512539,0.0038237882580911876,13956.827142032835,0.009876845070649539,36050.48450787082,0.05984979703474284,218451.75917681135,0.004389231217032474,16020.69394216853,0.08786405581831822,320703.8037368615,0.009922771230862196,36218.11499264702,0.012815259044658526,46775.695513003615
Pd 4nm,37,300.0,84.36842105263158,0.076013986013986,10.030866405594402,0.0,0.0,0.06689158358802556,244154.28009629328,1.238423773633985,4520246.773764045,0.07448076004281232,271854.77415626496,0.1923838031905842,702200.8816456323,0.001384026556428445,5051.696930963824,0.0036083375756672145,13170.432151185332,0.07115215308095452,259705.35874548397,0.008035442150149452,29329.3638480455,0.010377773536918017,37878.87340975076,10.030866405594402,0.076013986013986,0.0207046433814996,75571.94834247355,0.3294123932501356,1202355.235362995,0.023053686170251306,84145.95452141727,0.05954767137775912,217349.0005288208,0.0008638553038084852,3153.0718589009707,0.13714476275515547,500578.3840563175,0.002484494458624005,9068.404773977618,35108.032419580406,0.26610144540075603,971270.2757127595,0.04278546651543392,156166.9527813338,1.0443515760697855,3811883.2526547173,0.190558745595389,695539.4214231698,0.12305330996822243,449144.5813840119,0.001156867604079076,4222.566754888628,0.018405848345775144,67181.34646207928,0.001288119876954765,4701.637550884892,0.0033272136421741583,12144.329793935678,499465.2561764175,0.012289657975119835,44857.25160918739,0.22752944077322515,830482.4588222718,0.013683979621271714,49946.52561764175,0.03534571936174483,129011.87567036864,0.009874134042129197,36040.58925377157,0.003434165437382658,12534.703846446702,0.08382463437020654,305959.9154512539,0.0038237882580911876,13956.827142032835,0.009876845070649539,36050.48450787082,0.05984979703474284,218451.75917681135,0.0044558479319527855,16263.844951627665,0.08786405581831822,320703.8037368615,0.009922771230862196,36218.11499264702,0.012815259044658524,46775.695513003615
Pd 4nm,38,310.5263157894737,84.36842105263158,0.0311388611388611,4.109109026973021,0.0,0.0,0.06711070790730116,244954.08386164924,1.238423773633985,4520246.773764045,0.07448076004281232,271854.77415626496,0.1923838031905842,702200.8816456323,0.009258999850473567,33795.34945422852,0.0036201578148150016,13213.576024074755,0.0711521530809545,259705.3587454839,0.008035442150149452,29329.3638480455,0.010377773536918017,37878.87340975076,4.109109026973021,0.0311388611388611,0.020772467921500882,75819.50791347821,0.32941239325013555,1202355.2353629947,0.023053686170251306,84145.95452141727,0.05954767137775912,217349.00052882076,0.0003550345061384681,1295.8759474054086,0.05618086811773152,205060.16862972005,0.001017764387899989,3714.8400158349596,14381.881594405573,0.26610144540075603,971270.2757127595,0.042925623702963295,156678.52651581602,1.0443515760697855,3811883.2526547173,0.190558745595389,695539.4214231698,0.12305330996822245,449144.5813840119,0.0011606572860186916,4236.399093968224,0.01840584834577514,67181.34646207927,0.001288119876954765,4701.637550884892,0.0033272136421741583,12144.329793935678,499465.2561764175,0.012329916596511033,45004.19557726527,0.22752944077322515,830482.4588222718,0.013683979621271714,49946.52561764175,0.03534571936174483,129011.87567036864,0.009874134042129197,36040.58925377157,0.003445415121175179,12575.765192289402,0.08382463437020654,305959.9154512539,0.0038237882580911876,13956.827142032835,0.009876845070649539,36050.48450787082,0.05984979703474284,218451.75917681135,0.004470444456545448,16317.122266390885,0.0878640558183182,320703.80373686145,0.009922771230862196,36218.11499264702,0.012815259044658526,46775.695513003615
Pd 4nm,39,321.0526315789474,84.36842105263158,0.0134965034965034,1.7810093986013857,0.0,0.0,0.06719724883506371,245269.95824798252,1.238423773633985,4520246.773764045,0.07448076004281232,271854.77415626496,0.1923838031905842,702200.8816456324,0.017133973144518685,62539.0019774932,0.0036248260983976106,13230.615259151278,0.0711521530809545,259705.3587454839,0.008035442150149452,29329.3638480455,0.010377773536918015,37878.87340975076,1.7810093986013857,0.0134965034965034,0.020799254535767083,75917.27905554985,0.3294123932501356,1202355.235362995,0.023053686170251306,84145.95452141727,0.05954767137775912,217349.00052882082,0.00015408089204022634,562.3952559468262,0.024350450056802975,88879.14270733086,0.0004411291909056392,1610.1215468055832,6233.5328951048505,0.26610144540075603,971270.2757127595,0.04298097736284677,156880.56737439072,1.0443515760697855,3811883.2526547173,0.190558745595389,695539.4214231698,0.12305330996822243,449144.5813840119,0.0011621539824696538,4241.862036014236,0.018405848345775144,67181.34646207928,0.001288119876954765,4701.637550884892,0.0033272136421741583,12144.329793935678,499465.2561764175,0.012345816330767614,45062.229607301786,0.22752944077322518,830482.4588222719,0.013683979621271714,49946.52561764175,0.03534571936174483,129011.87567036865,0.009874134042129197,36040.58925377157,0.0034498580697062166,12591.98195442769,0.08382463437020655,305959.91545125394,0.0038237882580911876,13956.827142032835,0.009876845070649539,36050.484507870824,0.05984979703474284,218451.75917681135,0.004476209205910255,16338.16360157243,0.08786405581831822,320703.8037368615,0.009922771230862196,36218.11499264702,0.012815259044658526,46775.69551300362
Pd 4nm,40,331.578947368421,84.36842105263158,0.00616739926739926,0.8138549412454202,0.0,0.0,0.0672332658910419,245401.42050230288,1.238423773633985,4520246.773764045,0.07448076004281232,271854.77415626496,0.19238380319058423,702200.8816456324,0.025008946438563724,91282.65450075759,0.003626768969076998,13237.706737131042,0.07115215308095452,259705.35874548397,0.008035442150149452,29329.3638480455,0.010377773536918017,37878.87340975076,0.8138549412454202,0.00616739926739926,0.02081040272900276,75957.96996086006,0.3294123932501356,1202355.235362995,0.023053686170251306,84145.95452141727,0.059547671377759126,217349.00052882082,7.044696581459949e-05,257.13142522328815,0.011127248466988243,40614.45690450708,0.0002015796053788828,735.7655596329223,2848.492294358971,0.26610144540075603,971270.2757127595,0.04300401473855057,156964.65379570954,1.044351576069786,3811883.2526547182,0.190558745595389,695539.4214231698,0.12305330996822246,449144.581384012,0.0011627768854272527,4244.135631809472,0.018405848345775144,67181.34646207928,0.001288119876954765,4701.637550884892,0.0033272136421741583,12144.32979393568,499465.2561764175,0.012352433565335845,45086.38251347584,0.22752944077322518,830482.4588222719,0.013683979621271714,49946.52561764175,0.03534571936174484,129011.87567036867,0.009874134042129197,36040.58925377157,0.0034517071592652005,12598.731131317982,0.08382463437020655,305959.91545125394,0.0038237882580911876,13956.827142032835,0.00987684507064954,36050.484507870824,0.05984979703474284,218451.75917681135,0.004478608409454064,16346.920694507333,0.0878640558183182,320703.80373686145,0.009922771230862196,36218.11499264702,0.012815259044658526,46775.69551300362
Pd 4nm,41,342.1052631578947,84.36842105263158,0.00295671715671715,0.39017076137412043,0.0,0.0,0.06724905615252177,245459.05495670447,1.238423773633985,4520246.773764045,0.07448076004281232,271854.77415626496,0.1923838031905842,702200.8816456323,0.032883919732608846,120026.30702402229,0.0036276207443044824,13240.81571671136,0.0711521530809545,259705.3587454839,0.008035442150149452,29329.3638480455,0.010377773536918015,37878.873409750755,0.39017076137412043,0.00295671715671715,0.02081529021581807,75975.80928773594,0.32941239325013555,1202355.2353629947,0.023053686170251306,84145.95452141727,0.05954767137775912,217349.0005288208,3.378096056158778e-05,123.3005060497954,0.005334521898607749,19471.004929918283,9.663941830692428e-05,352.73387682027357,1365.5976648094215,0.26610144540075603,971270.2757127595,0.043014114569763694,157001.51817963747,1.0443515760697855,3811883.2526547173,0.190558745595389,695539.4214231698,0.12305330996822245,449144.58138401195,0.001163049972727421,4245.132400455086,0.018405848345775144,67181.34646207928,0.001288119876954765,4701.637550884892,0.0033272136421741583,12144.329793935678,499465.2561764175,0.012355334631546517,45096.97140514479,0.22752944077322515,830482.4588222718,0.013683979621271714,49946.52561764175,0.03534571936174483,129011.87567036864,0.009874134042129197,36040.58925377157,0.0034525178198492796,12601.69004244987,0.08382463437020654,305959.9154512539,0.0038237882580911876,13956.827142032835,0.009876845070649539,36050.48450787082,0.05984979703474284,218451.75917681135,0.004479660245876318,16350.75989744856,0.0878640558183182,320703.80373686145,0.009922771230862196,36218.11499264702,0.012815259044658526,46775.695513003615
Pd 4nm,42,352.6315789473684,84.36842105263158,0.00148186318186318,0.1955478509692107,0.0,0.0,0.06725631202895245,245485.53890567645,1.238423773633985,4520246.773764045,0.07448076004281232,271854.77415626496,0.1923838031905842,702200.8816456324,0.04075889302665397,148769.95954728697,0.0036280121485763634,13242.244342303726,0.0711521530809545,259705.3587454839,0.008035442150149452,29329.3638480455,0.010377773536918017,37878.87340975076,0.1955478509692107,0.00148186318186318,0.020817536093787455,75984.00674232421,0.3294123932501356,1202355.235362995,0.023053686170251306,84145.95452141727,0.059547671377759126,217349.00052882082,1.6932347657929243e-05,61.80306895144173,0.002673583970124037,9758.581490952734,4.8434256073620544e-05,176.78503466871499,684.4174783922375,0.26610144540075603,971270.2757127595,0.04301875560293129,157018.45795069917,1.044351576069786,3811883.2526547182,0.190558745595389,695539.4214231698,0.12305330996822245,449144.58138401195,0.0011631754606876634,4245.5904315099715,0.018405848345775144,67181.34646207928,0.001288119876954765,4701.637550884892,0.0033272136421741583,12144.329793935678,499465.2561764175,0.012356667717636868,45101.83716937457,0.22752944077322518,830482.4588222719,0.013683979621271714,49946.52561764175,0.03534571936174483,129011.87567036865,0.009874134042129197,36040.58925377157,0.0034528903312882318,12603.049709202047,0.08382463437020654,305959.9154512539,0.0038237882580911876,13956.827142032835,0.009876845070649539,36050.48450787082,0.05984979703474284,218451.75917681135,0.004480143581450899,16352.524072295782,0.08786405581831822,320703.8037368615,0.009922771230862196,36218.11499264702,0.012815259044658526,46775.69551300362
Pd 4nm,43,363.1578947368421,84.36842105263158,0.000772933372933372,0.10199690623898611,0.0,0.0,0.06725980032610286,245498.27119027544,1.2384237736339851,4520246.773764046,0.07448076004281232,271854.77415626496,0.19238380319058426,702200.8816456326,0.04863386632069909,177513.61207055167,0.0036282003180441455,13242.93116086113,0.0711521530809545,259705.3587454839,0.008035442150149452,29329.3638480455,0.010377773536918017,37878.87340975076,0.10199690623898611,0.000772933372933372,0.0208186158103173,75987.94770765815,0.3294123932501356,1202355.235362995,0.023053686170251306,84145.95452141727,0.05954767137775913,217349.00052882082,8.832296762424614e-06,32.23788318284984,0.0013945297387376258,5090.033546392334,2.526309673571381e-05,92.21030308535539,356.98917183645136,0.26610144540075603,971270.2757127595,0.04302098680172967,157026.6018263133,1.0443515760697855,3811883.2526547173,0.190558745595389,695539.4214231698,0.12305330996822245,449144.58138401195,0.0011632357896221904,4245.810632120995,0.018405848345775144,67181.34646207928,0.001288119876954765,4701.637550884892,0.0033272136421741588,12144.32979393568,499465.2561764175,0.01235730860512367,45104.176408701394,0.22752944077322518,830482.4588222719,0.013683979621271714,49946.52561764175,0.03534571936174483,129011.87567036865,0.009874134042129197,36040.58925377157,0.003453069417936606,12603.70337546861,0.08382463437020654,305959.9154512539,0.0038237882580911876,13956.827142032835,0.00987684507064954,36050.48450787082,0.05984979703474284,218451.75917681135,0.004480375947330281,16353.372207755523,0.08786405581831822,320703.8037368615,0.009922771230862196,36218.11499264702,0.012815259044658528,46775.69551300362
Pd 4nm,44,373.6842105263158,84.36842105263158,0.000417968517968517,0.05515546000593987,0.0,0.0,0.06726154707064125,245504.64680784053,1.2384237736339851,4520246.773764046,0.07448076004281232,271854.77415626496,0.19238380319058423,702200.8816456326,0.05650883961474421,206257.26459381636,0.003628294542812268,13243.27508126478,0.0711521530809545,259705.3587454839,0.008035442150149452,29329.3638480455,0.010377773536918015,37878.87340975076,0.05515546000593987,0.000417968517968517,0.020819156472098737,75989.92112316038,0.32941239325013555,1202355.2353629947,0.023053686170251306,84145.95452141727,0.05954767137775912,217349.0005288208,4.776243320784864e-06,17.433288120864752,0.0007541006101873061,2752.4672271836675,1.3661176333799982e-05,49.86329361836994,193.04411002078953,0.26610144540075603,971270.2757127595,0.043022104061569394,157030.6798247283,1.0443515760697855,3811883.2526547173,0.190558745595389,695539.4214231698,0.12305330996822243,449144.5813840119,0.0011632659989857708,4245.920896298063,0.018405848345775144,67181.34646207928,0.001288119876954765,4701.637550884892,0.0033272136421741588,12144.32979393568,499465.2561764175,0.01235762952581048,45105.34776920825,0.22752944077322523,830482.4588222721,0.013683979621271714,49946.52561764175,0.03534571936174484,129011.87567036867,0.009874134042129197,36040.58925377157,0.0034531590945356626,12604.030695055168,0.08382463437020655,305959.91545125394,0.0038237882580911876,13956.827142032835,0.00987684507064954,36050.484507870824,0.05984979703474284,218451.75917681135,0.004480492303194823,16353.796906661104,0.08786405581831822,320703.8037368615,0.009922771230862196,36218.11499264702,0.012815259044658526,46775.69551300362
Pd 4nm,45,384.2105263157895,84.36842105263158,0.000233986733986733,0.03087707660627648,0.0,0.0,0.06726245246125614,245507.9514835849,1.2384237736339851,4520246.773764046,0.07448076004281232,271854.77415626496,0.19238380319058423,702200.8816456324,0.06438381290878933,235000.91711708106,0.0036283433823642887,13243.453345629654,0.07115215308095452,259705.35874548397,0.008035442150149452,29329.3638480455,0.010377773536918017,37878.87340975076,0.03087707660627648,0.000233986733986733,0.02081943671348034,75990.94400420324,0.32941239325013555,1202355.2353629947,0.023053686170251306,84145.95452141727,0.059547671377759126,217349.0005288208,2.6738679367920555e-06,9.759617969291003,0.00042215987876967614,1540.8835575093178,7.64778660435733e-06,27.914421105904253,108.06976812196767,0.26610144540075603,971270.2757127595,0.04302268317119364,157032.79357485677,1.0443515760697855,3811883.2526547173,0.190558745595389,695539.4214231698,0.12305330996822245,449144.5813840119,0.001163281657414159,4245.978049561681,0.018405848345775144,67181.34646207928,0.001288119876954765,4701.637550884892,0.0033272136421741583,12144.329793935678,499465.2561764175,0.012357795868725298,45105.95492084733,0.22752944077322515,830482.4588222718,0.013683979621271714,49946.52561764175,0.03534571936174483,129011.87567036864,0.009874134042129197,36040.58925377157,0.003453205576633861,12604.200354713592,0.08382463437020654,305959.9154512539,0.0038237882580911876,13956.827142032835,0.009876845070649539,36050.48450787082,0.05984979703474284,218451.75917681135,0.004480552613964618,16354.017040970857,0.08786405581831822,320703.8037368615,0.009922771230862196,36218.11499264702,0.012815259044658528,46775.69551300362
Pd 4nm,46,300.0,100.0,0.076013986013986,10.030866405594402,0.0,0.0,0.06775105121098628,247291.3369200999,1.2384237736339851,4520246.773764046,0.07448076004281232,271854.77415626496,0.19238380319058423,702200.8816456324,0.001384026556428445,5051.696930963824,0.0036546999003820636,13339.65463639453,0.07115215308095452,259705.35874548397,0.008035442150149452,29329.3638480455,0.010377773536918017,37878.87340975076,10.030866405594402,0.076013986013986,0.02097067043119457,76542.94707386018,0.3294123932501356,1202355.235362995,0.023053686170251306,84145.95452141727,0.059547671377759126,217349.00052882082,0.0008749546921727815,3193.5846264306524,0.1371447627551555,500578.38405631756,0.0024844944586240054,9068.40477397762,35108.032419580406,0.24600401923542795,897914.670209312,0.04132836406484816,150848.52883669577,0.9959880067319559,3635356.2245716387,0.18173403434229213,663329.2253493663,0.11735475267653515,428344.84726935334,0.0011717318096550985,4276.821105241109,0.018405848345775144,67181.34646207928,0.001288119876954765,4701.637550884892,0.0033272136421741583,12144.329793935678,499465.2561764175,0.012447563687024184,45433.60745763827,0.22752944077322523,830482.4588222721,0.013683979621271714,49946.52561764175,0.03534571936174484,129011.87567036867,0.011725822916917357,42799.25364674835,0.0034782898824473655,12695.758070932883,0.08382463437020655,305959.91545125394,0.0038237882580911876,13956.827142032835,0.009876845070649539,36050.48450787082,0.05984979703474284,218451.75917681135,0.004513099634258656,16472.81366504409,0.08786405581831822,320703.8037368615,0.009922771230862196,36218.11499264702,0.012815259044658526,46775.69551300362
Pd 4nm,47,310.5263157894737,100.0,0.0311388611388611,4.109109026973021,0.0,0.0,0.06797585207736459,248111.86008238076,1.238423773633985,4520246.773764045,0.07448076004281232,271854.77415626496,0.19238380319058423,702200.8816456324,0.009258999850473567,33795.34945422852,0.0036668263499245236,13383.916177224512,0.07115215308095452,259705.35874548397,0.008035442150149452,29329.3638480455,0.010377773536918017,37878.87340975076,4.109109026973021,0.0311388611388611,0.021040252006641804,76796.91982424259,0.3294123932501356,1202355.235362995,0.023053686170251306,84145.95452141727,0.059547671377759126,217349.00052882082,0.0003596113619448666,1312.5814710987631,0.05618086811773152,205060.16862972005,0.001017764387899989,3714.8400158349596,14381.881594405573,0.24600401923542795,897914.670209312,0.04146549333268556,151349.05066430228,0.9959880067319559,3635356.2245716387,0.18173403434229213,663329.2253493663,0.11735475267653515,428344.84726935334,0.0011756196655815434,4291.011779372633,0.018405848345775144,67181.34646207928,0.001288119876954765,4701.637550884892,0.0033272136421741583,12144.329793935678,499465.2561764175,0.012488865232182919,45584.35809746765,0.22752944077322518,830482.4588222719,0.013683979621271714,49946.52561764175,0.03534571936174483,129011.87567036865,0.011725822916917357,42799.25364674835,0.0034898309960553907,12737.883135602175,0.08382463437020655,305959.91545125394,0.0038237882580911876,13956.827142032835,0.00987684507064954,36050.484507870824,0.05984979703474284,218451.75917681135,0.004528074290587951,16527.471160646022,0.08786405581831822,320703.8037368615,0.009922771230862196,36218.11499264702,0.012815259044658526,46775.69551300362
Pd 4nm,48,321.0526315789474,100.0,0.0134965034965034,1.7810093986013857,0.0,0.0,0.06806464011283185,248435.93641183624,1.2384237736339851,4520246.773764046,0.07448076004281232,271854.77415626496,0.19238380319058426,702200.8816456326,0.017133973144518685,62539.0019774932,0.0036716158494020557,13401.397850317502,0.07115215308095452,259705.35874548397,0.008035442150149452,29329.3638480455,0.010377773536918017,37878.87340975076,1.7810093986013857,0.0134965034965034,0.021067734157792766,76897.2296759436,0.3294123932501356,1202355.235362995,0.023053686170251306,84145.95452141727,0.05954767137775913,217349.00052882082,0.00015606978926657657,569.6547308230045,0.024350450056802975,88879.14270733086,0.00044112919090563924,1610.121546805583,6233.5328951048505,0.24600401923542795,897914.670209312,0.04151965432633517,151546.7382911234,0.9959880067319559,3635356.2245716387,0.18173403434229213,663329.2253493663,0.11735475267653517,428344.84726935334,0.0011771552250099836,4296.6165712864395,0.018405848345775144,67181.34646207928,0.001288119876954765,4701.637550884892,0.003327213642174159,12144.32979393568,499465.2561764175,0.012505177816362354,45643.89902972258,0.22752944077322518,830482.4588222719,0.013683979621271714,49946.52561764175,0.03534571936174484,129011.87567036867,0.011725822916917357,42799.25364674835,0.0034943893094679214,12754.520979557912,0.08382463437020655,305959.91545125394,0.0038237882580911876,13956.827142032835,0.00987684507064954,36050.484507870824,0.05984979703474284,218451.75917681135,0.004533988726500479,16549.058851726746,0.08786405581831822,320703.8037368615,0.009922771230862196,36218.11499264702,0.012815259044658528,46775.69551300362
Pd 4nm,49,331.578947368421,100.0,0.00616948816948817,0.8141305944361944,0.0,0.0,0.06810158271390283,248570.77690574533,1.238423773633985,4520246.773764045,0.07448076004281232,271854.77415626496,0.1923838031905842,702200.8816456323,0.025008946438563724,91282.65450075759,0.003673608646827937,13408.67156092197,0.0711521530809545,259705.3587454839,0.008035442150149452,29329.3638480455,0.010377773536918015,37878.873409750755,0.8141305944361944,0.00616948816948817,0.02107916883073265,76938.96623217418,0.32941239325013555,1202355.2353629947,0.023053686170251306,84145.95452141727,0.059547671377759126,217349.0005288208,7.13809561231617e-05,260.5404898495402,0.01113101727318332,40628.21304711912,0.00020164788052055933,736.0147639000415,2849.4570805266803,0.24600401923542795,897914.670209312,0.04154218943448885,151628.9914358843,0.9959880067319559,3635356.2245716387,0.18173403434229213,663329.2253493663,0.11735475267653515,428344.8472693533,0.0011777941349609374,4298.948592607421,0.01840584834577514,67181.34646207927,0.001288119876954765,4701.637550884892,0.0033272136421741583,12144.329793935676,499465.2561764175,0.012511965096727397,45668.672603055,0.22752944077322515,830482.4588222718,0.013683979621271714,49946.52561764175,0.03534571936174483,129011.87567036864,0.011725822916917357,42799.25364674835,0.0034962859158413984,12761.443592821104,0.08382463437020654,305959.9154512539,0.0038237882580911876,13956.827142032835,0.009876845070649539,36050.48450787082,0.05984979703474284,218451.75917681135,0.004536449583363982,16558.040979278532,0.0878640558183182,320703.80373686145,0.009922771230862196,36218.11499264702,0.012815259044658526,46775.695513003615
Pd 4nm,50,342.1052631578947,100.0,0.00295980595980596,0.39057836230076226,0.0,0.0,0.06811777847375679,248629.89142921224,1.238423773633985,4520246.773764045,0.07448076004281232,271854.77415626496,0.19238380319058423,702200.8816456324,0.032883919732608846,120026.30702402229,0.003674482295883809,13411.860379975902,0.0711521530809545,259705.3587454839,0.008035442150149452,29329.3638480455,0.010377773536918017,37878.87340975076,0.39057836230076226,0.00295980595980596,0.021084181829589627,76957.26367800214,0.32941239325013555,1202355.2353629947,0.023053686170251306,84145.95452141727,0.05954767137775912,217349.00052882082,3.425308845447591e-05,125.02377285883705,0.005340094730517054,19491.345766387247,9.674037491452168e-05,353.1023684380042,1367.0242680526678,0.24600401923542795,897914.670209312,0.04155206890126592,151665.0514896206,0.9959880067319559,3635356.2245716387,0.18173403434229213,663329.2253493663,0.11735475267653515,428344.84726935334,0.001178074235220095,4299.9709585533465,0.018405848345775144,67181.34646207928,0.001288119876954765,4701.637550884892,0.0033272136421741588,12144.32979393568,499465.2561764175,0.012514940663137636,45679.53342045237,0.22752944077322515,830482.4588222718,0.013683979621271714,49946.52561764175,0.03534571936174483,129011.87567036865,0.011725822916917357,42799.25364674835,0.003497117394418212,12764.478489626474,0.08382463437020655,305959.91545125394,0.0038237882580911876,13956.827142032835,0.00987684507064954,36050.484507870824,0.05984979703474284,218451.75917681135,0.004537528431242603,16561.978774035502,0.08786405581831822,320703.8037368615,0.009922771230862196,36218.11499264702,0.012815259044658526,46775.69551300362
Pd 4nm,51,352.6315789473684,100.0,0.00148995148995149,0.19661519057519058,0.0,0.0,0.06812519779544786,248656.97195338467,1.238423773633985,4520246.773764045,0.07448076004281232,271854.77415626496,0.19238380319058423,702200.8816456324,0.04075889302665397,148769.95954728697,0.0036748825168953013,13413.321186667848,0.07115215308095452,259705.35874548397,0.008035442150149452,29329.3638480455,0.010377773536918019,37878.87340975076,0.19661519057519058,0.00148995148995149,0.021086478298016697,76965.64578776094,0.3294123932501356,1202355.235362995,0.023053686170251306,84145.95452141727,0.05954767137775913,217349.00052882082,1.7244711174131683e-05,62.943195785580635,0.002688176930604464,9811.845796706295,4.869862001082221e-05,177.74996303950107,688.153167013167,0.24600401923542795,897914.670209312,0.041556594711898855,151681.5706984308,0.995988006731956,3635356.224571639,0.18173403434229213,663329.2253493663,0.11735475267653517,428344.84726935334,0.0011782025499115442,4300.4393071771365,0.018405848345775144,67181.34646207928,0.001288119876954765,4701.637550884892,0.0033272136421741583,12144.329793935678,499465.2561764175,0.012516303778212803,45684.50879047673,0.22752944077322518,830482.4588222719,0.013683979621271714,49946.52561764175,0.03534571936174483,129011.87567036864,0.011725822916917357,42799.25364674835,0.003497498297018414,12765.86878411721,0.08382463437020655,305959.91545125394,0.0038237882580911876,13956.827142032835,0.00987684507064954,36050.484507870824,0.05984979703474284,218451.75917681135,0.0045380226543935654,16563.782688536514,0.08786405581831822,320703.8037368615,0.009922771230862196,36218.11499264702,0.012815259044658528,46775.69551300362
Pd 4nm,52,363.1578947368421,100.0,0.00077999387999388,0.1029286163990964,0.0,0.0,0.06812878199706955,248670.05428930384,1.238423773633985,4520246.773764045,0.07448076004281232,271854.77415626496,0.1923838031905842,702200.8816456323,0.04863386632069909,177513.61207055167,0.003675075859744978,13414.02688806917,0.0711521530809545,259705.3587454839,0.008035442150149452,29329.3638480455,0.010377773536918015,37878.873409750755,0.1029286163990964,0.00077999387999388,0.02108758769941526,76969.69510286569,0.3294123932501356,1202355.235362995,0.023053686170251306,84145.95452141727,0.059547671377759126,217349.0005288208,9.028130741449228e-06,32.952677206289685,0.0014072683361526636,5136.529426957222,2.5493867302904958e-05,93.0526156556031,360.2501573968374,0.24600401923542795,897914.670209312,0.04155878108667615,151689.55096636794,0.9959880067319559,3635356.2245716387,0.18173403434229213,663329.2253493663,0.11735475267653515,428344.8472693533,0.0011782645374818813,4300.665561808867,0.018405848345775144,67181.34646207928,0.001288119876954765,4701.637550884892,0.0033272136421741583,12144.329793935678,499465.2561764175,0.012516962285751148,45686.912342991694,0.22752944077322518,830482.4588222719,0.013683979621271714,49946.52561764175,0.03534571936174483,129011.87567036864,0.011725822916917357,42799.25364674835,0.0034976823073328603,12766.54042176494,0.08382463437020654,305959.9154512539,0.0038237882580911876,13956.827142032835,0.009876845070649539,36050.48450787082,0.05984979703474284,218451.75917681135,0.004538261408755879,16564.654141958956,0.0878640558183182,320703.80373686145,0.009922771230862196,36218.11499264702,0.012815259044658524,46775.695513003615
Pd 4nm,53,373.6842105263158,100.0,0.00041999711999712,0.05542315595251596,0.0,0.0,0.06813059957499726,248676.68844873997,1.238423773633985,4520246.773764045,0.07448076004281232,271854.77415626496,0.19238380319058423,702200.8816456324,0.05650883961474421,206257.26459381636,0.0036751739054837903,13414.384755015835,0.0711521530809545,259705.3587454839,0.008035442150149452,29329.3638480455,0.010377773536918015,37878.87340975076,0.05542315595251596,0.00041999711999712,0.021088150285929023,76971.74854364093,0.32941239325013555,1202355.2353629947,0.023053686170251306,84145.95452141727,0.05954767137775912,217349.0005288208,4.861435669047877e-06,17.74424019202475,0.000757760622752444,2765.8262730464207,1.3727480585992342e-05,50.10530413887205,193.98104583380584,0.24600401923542795,897914.670209312,0.04155988981518987,151693.59782544302,0.9959880067319559,3635356.2245716387,0.18173403434229213,663329.2253493663,0.11735475267653515,428344.84726935334,0.0011782959718852797,4300.78029738127,0.018405848345775144,67181.34646207928,0.001288119876954765,4701.637550884892,0.0033272136421741583,12144.32979393568,499465.2561764175,0.012517296220304293,45688.131204110665,0.22752944077322518,830482.4588222719,0.013683979621271714,49946.52561764175,0.03534571936174483,129011.87567036865,0.011725822916917357,42799.25364674835,0.003497775620466804,12766.881014703833,0.08382463437020654,305959.9154512539,0.0038237882580911876,13956.827142032835,0.009876845070649539,36050.48450787082,0.05984979703474284,218451.75917681135,0.004538382483043792,16565.096063109842,0.08786405581831822,320703.8037368615,0.009922771230862196,36218.11499264702,0.012815259044658526,46775.69551300362
Pd 4nm,54,384.2105263157895,100.0,0.000233986733986733,0.03087707660627648,0.0,0.0,0.06813153875581744,248680.11645873365,1.238423773633985,4520246.773764045,0.07448076004281232,271854.77415626496,0.19238380319058423,702200.8816456323,0.06438381290878933,235000.91711708106,0.003675224567783322,13414.569672409125,0.0711521530809545,259705.3587454839,0.008035442150149452,29329.3638480455,0.010377773536918017,37878.87340975076,0.03087707660627648,0.000233986733986733,0.021088440986237043,76972.8095997652,0.32941239325013555,1202355.2353629947,0.023053686170251306,84145.95452141727,0.059547671377759126,217349.0005288208,2.708416513186463e-06,9.885720273130591,0.00042215987876967614,1540.8835575093178,7.64778660435733e-06,27.914421105904253,108.06976812196767,0.24600401923542795,897914.670209312,0.04156046271857906,151695.68892281357,0.9959880067319559,3635356.2245716387,0.18173403434229213,663329.2253493663,0.11735475267653517,428344.84726935334,0.0011783122147039867,4300.839583669551,0.01840584834577514,67181.34646207927,0.001288119876954765,4701.637550884892,0.0033272136421741583,12144.329793935678,499465.2561764175,0.012517468771325481,45688.761015338,0.22752944077322515,830482.4588222718,0.013683979621271714,49946.52561764175,0.03534571936174484,129011.87567036865,0.011725822916917357,42799.25364674835,0.003497823837329661,12767.057006253262,0.08382463437020654,305959.9154512539,0.0038237882580911876,13956.827142032835,0.00987684507064954,36050.48450787082,0.05984979703474284,218451.75917681135,0.004538445044679964,16565.324413081868,0.0878640558183182,320703.80373686145,0.009922771230862196,36218.11499264702,0.012815259044658526,46775.695513003615
