scenario,run #,output dollar year,target station capacity (kg/day),station annual capacity factor,target number of stations,one-way delivery distance (mile),electricity cost ($/kWh),diesel cost ($/gallon),electricity emission factor (kg CO2/kWh),diesel emission factor (kg CO2/gallon),hydrogen prod. emission factor (kg CO2-eq/kg),LOHC prod. emission factor (kg CO2-eq/kg),hydrogen purchase cost ($/kg),LOHC purchase cost ($/kg),LOHC name,LOHC molar mass (kg/kmol),LOHC density (kg/m^3),stoic. ratio (mol H2/mol LOHC),stoic. ratio (mol CO2/mol LOHC),LOHC production pathway,hydr. reaction temperature (K),hydr. reaction pressure (bar),hydr. reaction yield,hydr. reactor volume (m^3),number of hydr. reactors,hydr. catalyst amount (kg),hydr. catalyst cost ($/kg),hydr. catalyst lifetime (yr),hydr. reactor energy (unit TBD),hydr. LOHC output flowrate (kg/s),hydr. electrolyzer cell area (m^2/cell),hydr. electrolyzer voltage (V),hydr. electrolyzer current density (A/m^2),hydr. separator energy (unit TBD),CO2 electrolyzer purchase cost ($/m^2),terminal LOHC storage amount (days),terminal compressed hydrogen storage amount (days),terminal liquid hydrogen storage amount (days),dehydr. reaction temperature (K),dehydr. reaction pressure (bar),dehydr. reaction yield,dehydr. reactor volume (m^3),number of dehydr. reactors,dehydr. catalyst amount (kg),dehydr. catalyst cost ($/kg),dehydr. catalyst lifetime (yr),dehydr. reactor energy (unit TBD),dehydr. gas/liquid separator energy (unit TBD),station LOHC storage amount (days),pathway,function,total levelized cost of hydrogen ($/kg H2)
baseline,0,2022,1000,1.0,10,100,0.1709,6.028,0.228,10.18,0,0,0.31,0,formic acid,46.025,1220,1,1,electro,366.15,105,1,1,1,53,5450,1,0,2.6426092969379242,5539.862205650312,1.27,2000,0,5250,0.25,0.25,1,300,1,0.9999,0.0731028611028611,1,9.64671203342243,3500,1,0,0,1,LOHC - formic acid,CO2 recycling,10.141290568234126
baseline,0,2022,1000,1.0,10,100,0.1709,6.028,0.228,10.18,0,0,0.31,0,formic acid,46.025,1220,1,1,electro,366.15,105,1,1,1,53,5450,1,0,2.6426092969379242,5539.862205650312,1.27,2000,0,5250,0.25,0.25,1,300,1,0.9999,0.0731028611028611,1,9.64671203342243,3500,1,0,0,1,LOHC - formic acid,compression,2.6047535726132467
baseline,0,2022,1000,1.0,10,100,0.1709,6.028,0.228,10.18,0,0,0.31,0,formic acid,46.025,1220,1,1,electro,366.15,105,1,1,1,53,5450,1,0,2.6426092969379242,5539.862205650312,1.27,2000,0,5250,0.25,0.25,1,300,1,0.9999,0.0731028611028611,1,9.64671203342243,3500,1,0,0,1,LOHC - formic acid,cooling,0.1840680600871349
baseline,0,2022,1000,1.0,10,100,0.1709,6.028,0.228,10.18,0,0,0.31,0,formic acid,46.025,1220,1,1,electro,366.15,105,1,1,1,53,5450,1,0,2.6426092969379242,5539.862205650312,1.27,2000,0,5250,0.25,0.25,1,300,1,0.9999,0.0731028611028611,1,9.64671203342243,3500,1,0,0,1,LOHC - formic acid,pumping,0.0
baseline,0,2022,1000,1.0,10,100,0.1709,6.028,0.228,10.18,0,0,0.31,0,formic acid,46.025,1220,1,1,electro,366.15,105,1,1,1,53,5450,1,0,2.6426092969379242,5539.862205650312,1.27,2000,0,5250,0.25,0.25,1,300,1,0.9999,0.0731028611028611,1,9.64671203342243,3500,1,0,0,1,LOHC - formic acid,purchase,0.31003100310031
baseline,0,2022,1000,1.0,10,100,0.1709,6.028,0.228,10.18,0,0,0.31,0,formic acid,46.025,1220,1,1,electro,366.15,105,1,1,1,53,5450,1,0,2.6426092969379242,5539.862205650312,1.27,2000,0,5250,0.25,0.25,1,300,1,0.9999,0.0731028611028611,1,9.64671203342243,3500,1,0,0,1,LOHC - formic acid,reaction,9.28067250956877
baseline,0,2022,1000,1.0,10,100,0.1709,6.028,0.228,10.18,0,0,0.31,0,formic acid,46.025,1220,1,1,electro,366.15,105,1,1,1,53,5450,1,0,2.6426092969379242,5539.862205650312,1.27,2000,0,5250,0.25,0.25,1,300,1,0.9999,0.0731028611028611,1,9.64671203342243,3500,1,0,0,1,LOHC - formic acid,separation,8.266683870377957
baseline,0,2022,1000,1.0,10,100,0.1709,6.028,0.228,10.18,0,0,0.31,0,formic acid,46.025,1220,1,1,electro,366.15,105,1,1,1,53,5450,1,0,2.6426092969379242,5539.862205650312,1.27,2000,0,5250,0.25,0.25,1,300,1,0.9999,0.0731028611028611,1,9.64671203342243,3500,1,0,0,1,LOHC - formic acid,storage,0.461549628595633
baseline,0,2022,1000,1.0,10,100,0.1709,6.028,0.228,10.18,0,0,0.31,0,formic acid,46.025,1220,1,1,electro,366.15,105,1,1,1,53,5450,1,0,2.6426092969379242,5539.862205650312,1.27,2000,0,5250,0.25,0.25,1,300,1,0.9999,0.0731028611028611,1,9.64671203342243,3500,1,0,0,1,LOHC - formic acid,trucking,0.9944972300879655
baseline,0,2022,1000,1.0,10,100,0.1709,6.028,0.228,10.18,0,0,0.31,0,formic acid,46.025,1220,1,1,electro,366.15,105,1,1,1,53,5450,1,0,2.6426092969379242,5539.862205650312,1.27,2000,0,5250,0.25,0.25,1,300,1,0.9999,0.0731028611028611,1,9.64671203342243,3500,1,0,0,1,LOHC - formic acid,vaporization,0.0
baseline,0,2022,1000,1.0,10,100,0.1709,6.028,0.228,10.18,0,0,0.31,0,formic acid,46.025,1220,1,1,electro,366.15,105,1,1,1,53,5450,1,0,2.6426092969379242,5539.862205650312,1.27,2000,0,5250,0.25,0.25,1,300,1,0.9999,0.0731028611028611,1,9.64671203342243,3500,1,0,0,1,compressed hydrogen,compression,3.70644511460488
baseline,0,2022,1000,1.0,10,100,0.1709,6.028,0.228,10.18,0,0,0.31,0,formic acid,46.025,1220,1,1,electro,366.15,105,1,1,1,53,5450,1,0,2.6426092969379242,5539.862205650312,1.27,2000,0,5250,0.25,0.25,1,300,1,0.9999,0.0731028611028611,1,9.64671203342243,3500,1,0,0,1,compressed hydrogen,cooling,0.17969357164601973
baseline,0,2022,1000,1.0,10,100,0.1709,6.028,0.228,10.18,0,0,0.31,0,formic acid,46.025,1220,1,1,electro,366.15,105,1,1,1,53,5450,1,0,2.6426092969379242,5539.862205650312,1.27,2000,0,5250,0.25,0.25,1,300,1,0.9999,0.0731028611028611,1,9.64671203342243,3500,1,0,0,1,compressed hydrogen,purchase,0.31
baseline,0,2022,1000,1.0,10,100,0.1709,6.028,0.228,10.18,0,0,0.31,0,formic acid,46.025,1220,1,1,electro,366.15,105,1,1,1,53,5450,1,0,2.6426092969379242,5539.862205650312,1.27,2000,0,5250,0.25,0.25,1,300,1,0.9999,0.0731028611028611,1,9.64671203342243,3500,1,0,0,1,compressed hydrogen,storage,1.0983256919256654
baseline,0,2022,1000,1.0,10,100,0.1709,6.028,0.228,10.18,0,0,0.31,0,formic acid,46.025,1220,1,1,electro,366.15,105,1,1,1,53,5450,1,0,2.6426092969379242,5539.862205650312,1.27,2000,0,5250,0.25,0.25,1,300,1,0.9999,0.0731028611028611,1,9.64671203342243,3500,1,0,0,1,compressed hydrogen,trucking,0.877489096338476
baseline,0,2022,1000,1.0,10,100,0.1709,6.028,0.228,10.18,0,0,0.31,0,formic acid,46.025,1220,1,1,electro,366.15,105,1,1,1,53,5450,1,0,2.6426092969379242,5539.862205650312,1.27,2000,0,5250,0.25,0.25,1,300,1,0.9999,0.0731028611028611,1,9.64671203342243,3500,1,0,0,1,liquid hydrogen,liquefaction,4.4352310750937525
baseline,0,2022,1000,1.0,10,100,0.1709,6.028,0.228,10.18,0,0,0.31,0,formic acid,46.025,1220,1,1,electro,366.15,105,1,1,1,53,5450,1,0,2.6426092969379242,5539.862205650312,1.27,2000,0,5250,0.25,0.25,1,300,1,0.9999,0.0731028611028611,1,9.64671203342243,3500,1,0,0,1,liquid hydrogen,pumping,1.2428630717283338
baseline,0,2022,1000,1.0,10,100,0.1709,6.028,0.228,10.18,0,0,0.31,0,formic acid,46.025,1220,1,1,electro,366.15,105,1,1,1,53,5450,1,0,2.6426092969379242,5539.862205650312,1.27,2000,0,5250,0.25,0.25,1,300,1,0.9999,0.0731028611028611,1,9.64671203342243,3500,1,0,0,1,liquid hydrogen,purchase,0.31
baseline,0,2022,1000,1.0,10,100,0.1709,6.028,0.228,10.18,0,0,0.31,0,formic acid,46.025,1220,1,1,electro,366.15,105,1,1,1,53,5450,1,0,2.6426092969379242,5539.862205650312,1.27,2000,0,5250,0.25,0.25,1,300,1,0.9999,0.0731028611028611,1,9.64671203342243,3500,1,0,0,1,liquid hydrogen,storage,0.930759404914655
baseline,0,2022,1000,1.0,10,100,0.1709,6.028,0.228,10.18,0,0,0.31,0,formic acid,46.025,1220,1,1,electro,366.15,105,1,1,1,53,5450,1,0,2.6426092969379242,5539.862205650312,1.27,2000,0,5250,0.25,0.25,1,300,1,0.9999,0.0731028611028611,1,9.64671203342243,3500,1,0,0,1,liquid hydrogen,trucking,0.30940815950784856
baseline,0,2022,1000,1.0,10,100,0.1709,6.028,0.228,10.18,0,0,0.31,0,formic acid,46.025,1220,1,1,electro,366.15,105,1,1,1,53,5450,1,0,2.6426092969379242,5539.862205650312,1.27,2000,0,5250,0.25,0.25,1,300,1,0.9999,0.0731028611028611,1,9.64671203342243,3500,1,0,0,1,liquid hydrogen,vaporization,0.04555955230763742
FA - delivery only,1,2022,1000,1.0,10,100,0.1709,6.028,0.0,10.18,0,0,0.0,0,formic acid,46.025,1220,1,1,purchase,366.15,105,1,1,1,53,5450,1,0,2.6426092969379242,5539.862205650312,1.27,2000,0,5250,0.25,0.25,1,300,1,0.9999,0.0731028611028611,1,9.64671203342243,3500,1,0,0,1,LOHC - formic acid,CO2 recycling,0.0
FA - delivery only,1,2022,1000,1.0,10,100,0.1709,6.028,0.0,10.18,0,0,0.0,0,formic acid,46.025,1220,1,1,purchase,366.15,105,1,1,1,53,5450,1,0,2.6426092969379242,5539.862205650312,1.27,2000,0,5250,0.25,0.25,1,300,1,0.9999,0.0731028611028611,1,9.64671203342243,3500,1,0,0,1,LOHC - formic acid,compression,2.6047535726132467
FA - delivery only,1,2022,1000,1.0,10,100,0.1709,6.028,0.0,10.18,0,0,0.0,0,formic acid,46.025,1220,1,1,purchase,366.15,105,1,1,1,53,5450,1,0,2.6426092969379242,5539.862205650312,1.27,2000,0,5250,0.25,0.25,1,300,1,0.9999,0.0731028611028611,1,9.64671203342243,3500,1,0,0,1,LOHC - formic acid,cooling,0.1840680600871349
FA - delivery only,1,2022,1000,1.0,10,100,0.1709,6.028,0.0,10.18,0,0,0.0,0,formic acid,46.025,1220,1,1,purchase,366.15,105,1,1,1,53,5450,1,0,2.6426092969379242,5539.862205650312,1.27,2000,0,5250,0.25,0.25,1,300,1,0.9999,0.0731028611028611,1,9.64671203342243,3500,1,0,0,1,LOHC - formic acid,pumping,0.0
FA - delivery only,1,2022,1000,1.0,10,100,0.1709,6.028,0.0,10.18,0,0,0.0,0,formic acid,46.025,1220,1,1,purchase,366.15,105,1,1,1,53,5450,1,0,2.6426092969379242,5539.862205650312,1.27,2000,0,5250,0.25,0.25,1,300,1,0.9999,0.0731028611028611,1,9.64671203342243,3500,1,0,0,1,LOHC - formic acid,purchase,0.0
FA - delivery only,1,2022,1000,1.0,10,100,0.1709,6.028,0.0,10.18,0,0,0.0,0,formic acid,46.025,1220,1,1,purchase,366.15,105,1,1,1,53,5450,1,0,2.6426092969379242,5539.862205650312,1.27,2000,0,5250,0.25,0.25,1,300,1,0.9999,0.0731028611028611,1,9.64671203342243,3500,1,0,0,1,LOHC - formic acid,reaction,0.1702026011236878
FA - delivery only,1,2022,1000,1.0,10,100,0.1709,6.028,0.0,10.18,0,0,0.0,0,formic acid,46.025,1220,1,1,purchase,366.15,105,1,1,1,53,5450,1,0,2.6426092969379242,5539.862205650312,1.27,2000,0,5250,0.25,0.25,1,300,1,0.9999,0.0731028611028611,1,9.64671203342243,3500,1,0,0,1,LOHC - formic acid,separation,2.6728085106197597
FA - delivery only,1,2022,1000,1.0,10,100,0.1709,6.028,0.0,10.18,0,0,0.0,0,formic acid,46.025,1220,1,1,purchase,366.15,105,1,1,1,53,5450,1,0,2.6426092969379242,5539.862205650312,1.27,2000,0,5250,0.25,0.25,1,300,1,0.9999,0.0731028611028611,1,9.64671203342243,3500,1,0,0,1,LOHC - formic acid,storage,0.6190408378230916
FA - delivery only,1,2022,1000,1.0,10,100,0.1709,6.028,0.0,10.18,0,0,0.0,0,formic acid,46.025,1220,1,1,purchase,366.15,105,1,1,1,53,5450,1,0,2.6426092969379242,5539.862205650312,1.27,2000,0,5250,0.25,0.25,1,300,1,0.9999,0.0731028611028611,1,9.64671203342243,3500,1,0,0,1,LOHC - formic acid,trucking,0.9944972300879655
FA - delivery only,1,2022,1000,1.0,10,100,0.1709,6.028,0.0,10.18,0,0,0.0,0,formic acid,46.025,1220,1,1,purchase,366.15,105,1,1,1,53,5450,1,0,2.6426092969379242,5539.862205650312,1.27,2000,0,5250,0.25,0.25,1,300,1,0.9999,0.0731028611028611,1,9.64671203342243,3500,1,0,0,1,LOHC - formic acid,vaporization,0.0
FA - delivery only,1,2022,1000,1.0,10,100,0.1709,6.028,0.0,10.18,0,0,0.0,0,formic acid,46.025,1220,1,1,purchase,366.15,105,1,1,1,53,5450,1,0,2.6426092969379242,5539.862205650312,1.27,2000,0,5250,0.25,0.25,1,300,1,0.9999,0.0731028611028611,1,9.64671203342243,3500,1,0,0,1,compressed hydrogen,compression,3.70644511460488
FA - delivery only,1,2022,1000,1.0,10,100,0.1709,6.028,0.0,10.18,0,0,0.0,0,formic acid,46.025,1220,1,1,purchase,366.15,105,1,1,1,53,5450,1,0,2.6426092969379242,5539.862205650312,1.27,2000,0,5250,0.25,0.25,1,300,1,0.9999,0.0731028611028611,1,9.64671203342243,3500,1,0,0,1,compressed hydrogen,cooling,0.17969357164601973
FA - delivery only,1,2022,1000,1.0,10,100,0.1709,6.028,0.0,10.18,0,0,0.0,0,formic acid,46.025,1220,1,1,purchase,366.15,105,1,1,1,53,5450,1,0,2.6426092969379242,5539.862205650312,1.27,2000,0,5250,0.25,0.25,1,300,1,0.9999,0.0731028611028611,1,9.64671203342243,3500,1,0,0,1,compressed hydrogen,purchase,0.0
FA - delivery only,1,2022,1000,1.0,10,100,0.1709,6.028,0.0,10.18,0,0,0.0,0,formic acid,46.025,1220,1,1,purchase,366.15,105,1,1,1,53,5450,1,0,2.6426092969379242,5539.862205650312,1.27,2000,0,5250,0.25,0.25,1,300,1,0.9999,0.0731028611028611,1,9.64671203342243,3500,1,0,0,1,compressed hydrogen,storage,1.0983256919256654
FA - delivery only,1,2022,1000,1.0,10,100,0.1709,6.028,0.0,10.18,0,0,0.0,0,formic acid,46.025,1220,1,1,purchase,366.15,105,1,1,1,53,5450,1,0,2.6426092969379242,5539.862205650312,1.27,2000,0,5250,0.25,0.25,1,300,1,0.9999,0.0731028611028611,1,9.64671203342243,3500,1,0,0,1,compressed hydrogen,trucking,0.877489096338476
FA - delivery only,1,2022,1000,1.0,10,100,0.1709,6.028,0.0,10.18,0,0,0.0,0,formic acid,46.025,1220,1,1,purchase,366.15,105,1,1,1,53,5450,1,0,2.6426092969379242,5539.862205650312,1.27,2000,0,5250,0.25,0.25,1,300,1,0.9999,0.0731028611028611,1,9.64671203342243,3500,1,0,0,1,liquid hydrogen,liquefaction,4.4352310750937525
FA - delivery only,1,2022,1000,1.0,10,100,0.1709,6.028,0.0,10.18,0,0,0.0,0,formic acid,46.025,1220,1,1,purchase,366.15,105,1,1,1,53,5450,1,0,2.6426092969379242,5539.862205650312,1.27,2000,0,5250,0.25,0.25,1,300,1,0.9999,0.0731028611028611,1,9.64671203342243,3500,1,0,0,1,liquid hydrogen,pumping,1.2428630717283338
FA - delivery only,1,2022,1000,1.0,10,100,0.1709,6.028,0.0,10.18,0,0,0.0,0,formic acid,46.025,1220,1,1,purchase,366.15,105,1,1,1,53,5450,1,0,2.6426092969379242,5539.862205650312,1.27,2000,0,5250,0.25,0.25,1,300,1,0.9999,0.0731028611028611,1,9.64671203342243,3500,1,0,0,1,liquid hydrogen,purchase,0.0
FA - delivery only,1,2022,1000,1.0,10,100,0.1709,6.028,0.0,10.18,0,0,0.0,0,formic acid,46.025,1220,1,1,purchase,366.15,105,1,1,1,53,5450,1,0,2.6426092969379242,5539.862205650312,1.27,2000,0,5250,0.25,0.25,1,300,1,0.9999,0.0731028611028611,1,9.64671203342243,3500,1,0,0,1,liquid hydrogen,storage,0.930759404914655
FA - delivery only,1,2022,1000,1.0,10,100,0.1709,6.028,0.0,10.18,0,0,0.0,0,formic acid,46.025,1220,1,1,purchase,366.15,105,1,1,1,53,5450,1,0,2.6426092969379242,5539.862205650312,1.27,2000,0,5250,0.25,0.25,1,300,1,0.9999,0.0731028611028611,1,9.64671203342243,3500,1,0,0,1,liquid hydrogen,trucking,0.30940815950784856
FA - delivery only,1,2022,1000,1.0,10,100,0.1709,6.028,0.0,10.18,0,0,0.0,0,formic acid,46.025,1220,1,1,purchase,366.15,105,1,1,1,53,5450,1,0,2.6426092969379242,5539.862205650312,1.27,2000,0,5250,0.25,0.25,1,300,1,0.9999,0.0731028611028611,1,9.64671203342243,3500,1,0,0,1,liquid hydrogen,vaporization,0.04555955230763742
FA - closed loop,2,2022,1000,1.0,10,100,0.1709,6.028,0.0,10.18,0,0,0.31,0,formic acid,46.025,1220,1,1,electro,366.15,105,1,1,1,53,5450,1,0,2.6426092969379242,5539.862205650312,1.27,2000,0,5250,0.25,0.25,1,300,1,0.9999,0.0731028611028611,1,9.64671203342243,3500,1,0,0,1,LOHC - formic acid,CO2 recycling,10.141290568234126
FA - closed loop,2,2022,1000,1.0,10,100,0.1709,6.028,0.0,10.18,0,0,0.31,0,formic acid,46.025,1220,1,1,electro,366.15,105,1,1,1,53,5450,1,0,2.6426092969379242,5539.862205650312,1.27,2000,0,5250,0.25,0.25,1,300,1,0.9999,0.0731028611028611,1,9.64671203342243,3500,1,0,0,1,LOHC - formic acid,compression,2.6047535726132467
FA - closed loop,2,2022,1000,1.0,10,100,0.1709,6.028,0.0,10.18,0,0,0.31,0,formic acid,46.025,1220,1,1,electro,366.15,105,1,1,1,53,5450,1,0,2.6426092969379242,5539.862205650312,1.27,2000,0,5250,0.25,0.25,1,300,1,0.9999,0.0731028611028611,1,9.64671203342243,3500,1,0,0,1,LOHC - formic acid,cooling,0.1840680600871349
FA - closed loop,2,2022,1000,1.0,10,100,0.1709,6.028,0.0,10.18,0,0,0.31,0,formic acid,46.025,1220,1,1,electro,366.15,105,1,1,1,53,5450,1,0,2.6426092969379242,5539.862205650312,1.27,2000,0,5250,0.25,0.25,1,300,1,0.9999,0.0731028611028611,1,9.64671203342243,3500,1,0,0,1,LOHC - formic acid,pumping,0.0
FA - closed loop,2,2022,1000,1.0,10,100,0.1709,6.028,0.0,10.18,0,0,0.31,0,formic acid,46.025,1220,1,1,electro,366.15,105,1,1,1,53,5450,1,0,2.6426092969379242,5539.862205650312,1.27,2000,0,5250,0.25,0.25,1,300,1,0.9999,0.0731028611028611,1,9.64671203342243,3500,1,0,0,1,LOHC - formic acid,purchase,0.31003100310031
FA - closed loop,2,2022,1000,1.0,10,100,0.1709,6.028,0.0,10.18,0,0,0.31,0,formic acid,46.025,1220,1,1,electro,366.15,105,1,1,1,53,5450,1,0,2.6426092969379242,5539.862205650312,1.27,2000,0,5250,0.25,0.25,1,300,1,0.9999,0.0731028611028611,1,9.64671203342243,3500,1,0,0,1,LOHC - formic acid,reaction,9.28067250956877
FA - closed loop,2,2022,1000,1.0,10,100,0.1709,6.028,0.0,10.18,0,0,0.31,0,formic acid,46.025,1220,1,1,electro,366.15,105,1,1,1,53,5450,1,0,2.6426092969379242,5539.862205650312,1.27,2000,0,5250,0.25,0.25,1,300,1,0.9999,0.0731028611028611,1,9.64671203342243,3500,1,0,0,1,LOHC - formic acid,separation,8.266683870377957
FA - closed loop,2,2022,1000,1.0,10,100,0.1709,6.028,0.0,10.18,0,0,0.31,0,formic acid,46.025,1220,1,1,electro,366.15,105,1,1,1,53,5450,1,0,2.6426092969379242,5539.862205650312,1.27,2000,0,5250,0.25,0.25,1,300,1,0.9999,0.0731028611028611,1,9.64671203342243,3500,1,0,0,1,LOHC - formic acid,storage,0.461549628595633
FA - closed loop,2,2022,1000,1.0,10,100,0.1709,6.028,0.0,10.18,0,0,0.31,0,formic acid,46.025,1220,1,1,electro,366.15,105,1,1,1,53,5450,1,0,2.6426092969379242,5539.862205650312,1.27,2000,0,5250,0.25,0.25,1,300,1,0.9999,0.0731028611028611,1,9.64671203342243,3500,1,0,0,1,LOHC - formic acid,trucking,0.9944972300879655
FA - closed loop,2,2022,1000,1.0,10,100,0.1709,6.028,0.0,10.18,0,0,0.31,0,formic acid,46.025,1220,1,1,electro,366.15,105,1,1,1,53,5450,1,0,2.6426092969379242,5539.862205650312,1.27,2000,0,5250,0.25,0.25,1,300,1,0.9999,0.0731028611028611,1,9.64671203342243,3500,1,0,0,1,LOHC - formic acid,vaporization,0.0
FA - closed loop,2,2022,1000,1.0,10,100,0.1709,6.028,0.0,10.18,0,0,0.31,0,formic acid,46.025,1220,1,1,electro,366.15,105,1,1,1,53,5450,1,0,2.6426092969379242,5539.862205650312,1.27,2000,0,5250,0.25,0.25,1,300,1,0.9999,0.0731028611028611,1,9.64671203342243,3500,1,0,0,1,compressed hydrogen,compression,3.70644511460488
FA - closed loop,2,2022,1000,1.0,10,100,0.1709,6.028,0.0,10.18,0,0,0.31,0,formic acid,46.025,1220,1,1,electro,366.15,105,1,1,1,53,5450,1,0,2.6426092969379242,5539.862205650312,1.27,2000,0,5250,0.25,0.25,1,300,1,0.9999,0.0731028611028611,1,9.64671203342243,3500,1,0,0,1,compressed hydrogen,cooling,0.17969357164601973
FA - closed loop,2,2022,1000,1.0,10,100,0.1709,6.028,0.0,10.18,0,0,0.31,0,formic acid,46.025,1220,1,1,electro,366.15,105,1,1,1,53,5450,1,0,2.6426092969379242,5539.862205650312,1.27,2000,0,5250,0.25,0.25,1,300,1,0.9999,0.0731028611028611,1,9.64671203342243,3500,1,0,0,1,compressed hydrogen,purchase,0.31
FA - closed loop,2,2022,1000,1.0,10,100,0.1709,6.028,0.0,10.18,0,0,0.31,0,formic acid,46.025,1220,1,1,electro,366.15,105,1,1,1,53,5450,1,0,2.6426092969379242,5539.862205650312,1.27,2000,0,5250,0.25,0.25,1,300,1,0.9999,0.0731028611028611,1,9.64671203342243,3500,1,0,0,1,compressed hydrogen,storage,1.0983256919256654
FA - closed loop,2,2022,1000,1.0,10,100,0.1709,6.028,0.0,10.18,0,0,0.31,0,formic acid,46.025,1220,1,1,electro,366.15,105,1,1,1,53,5450,1,0,2.6426092969379242,5539.862205650312,1.27,2000,0,5250,0.25,0.25,1,300,1,0.9999,0.0731028611028611,1,9.64671203342243,3500,1,0,0,1,compressed hydrogen,trucking,0.877489096338476
FA - closed loop,2,2022,1000,1.0,10,100,0.1709,6.028,0.0,10.18,0,0,0.31,0,formic acid,46.025,1220,1,1,electro,366.15,105,1,1,1,53,5450,1,0,2.6426092969379242,5539.862205650312,1.27,2000,0,5250,0.25,0.25,1,300,1,0.9999,0.0731028611028611,1,9.64671203342243,3500,1,0,0,1,liquid hydrogen,liquefaction,4.4352310750937525
FA - closed loop,2,2022,1000,1.0,10,100,0.1709,6.028,0.0,10.18,0,0,0.31,0,formic acid,46.025,1220,1,1,electro,366.15,105,1,1,1,53,5450,1,0,2.6426092969379242,5539.862205650312,1.27,2000,0,5250,0.25,0.25,1,300,1,0.9999,0.0731028611028611,1,9.64671203342243,3500,1,0,0,1,liquid hydrogen,pumping,1.2428630717283338
FA - closed loop,2,2022,1000,1.0,10,100,0.1709,6.028,0.0,10.18,0,0,0.31,0,formic acid,46.025,1220,1,1,electro,366.15,105,1,1,1,53,5450,1,0,2.6426092969379242,5539.862205650312,1.27,2000,0,5250,0.25,0.25,1,300,1,0.9999,0.0731028611028611,1,9.64671203342243,3500,1,0,0,1,liquid hydrogen,purchase,0.31
FA - closed loop,2,2022,1000,1.0,10,100,0.1709,6.028,0.0,10.18,0,0,0.31,0,formic acid,46.025,1220,1,1,electro,366.15,105,1,1,1,53,5450,1,0,2.6426092969379242,5539.862205650312,1.27,2000,0,5250,0.25,0.25,1,300,1,0.9999,0.0731028611028611,1,9.64671203342243,3500,1,0,0,1,liquid hydrogen,storage,0.930759404914655
FA - closed loop,2,2022,1000,1.0,10,100,0.1709,6.028,0.0,10.18,0,0,0.31,0,formic acid,46.025,1220,1,1,electro,366.15,105,1,1,1,53,5450,1,0,2.6426092969379242,5539.862205650312,1.27,2000,0,5250,0.25,0.25,1,300,1,0.9999,0.0731028611028611,1,9.64671203342243,3500,1,0,0,1,liquid hydrogen,trucking,0.30940815950784856
FA - closed loop,2,2022,1000,1.0,10,100,0.1709,6.028,0.0,10.18,0,0,0.31,0,formic acid,46.025,1220,1,1,electro,366.15,105,1,1,1,53,5450,1,0,2.6426092969379242,5539.862205650312,1.27,2000,0,5250,0.25,0.25,1,300,1,0.9999,0.0731028611028611,1,9.64671203342243,3500,1,0,0,1,liquid hydrogen,vaporization,0.04555955230763742
FA - closed loop - 80 cap factor,3,2022,1000,0.8,10,100,0.1709,6.028,0.0,10.18,0,0,0.31,0,formic acid,46.025,1220,1,1,electro,366.15,105,1,1,1,53,5450,1,0,2.6426092969379242,5539.862205650312,1.27,2000,0,5250,0.25,0.25,1,300,1,0.9999,0.0731028611028611,1,9.64671203342243,3500,1,0,0,1,LOHC - formic acid,CO2 recycling,12.289880220662933
FA - closed loop - 80 cap factor,3,2022,1000,0.8,10,100,0.1709,6.028,0.0,10.18,0,0,0.31,0,formic acid,46.025,1220,1,1,electro,366.15,105,1,1,1,53,5450,1,0,2.6426092969379242,5539.862205650312,1.27,2000,0,5250,0.25,0.25,1,300,1,0.9999,0.0731028611028611,1,9.64671203342243,3500,1,0,0,1,LOHC - formic acid,compression,3.14960797914039
FA - closed loop - 80 cap factor,3,2022,1000,0.8,10,100,0.1709,6.028,0.0,10.18,0,0,0.31,0,formic acid,46.025,1220,1,1,electro,366.15,105,1,1,1,53,5450,1,0,2.6426092969379242,5539.862205650312,1.27,2000,0,5250,0.25,0.25,1,300,1,0.9999,0.0731028611028611,1,9.64671203342243,3500,1,0,0,1,LOHC - formic acid,cooling,0.21477661921112579
FA - closed loop - 80 cap factor,3,2022,1000,0.8,10,100,0.1709,6.028,0.0,10.18,0,0,0.31,0,formic acid,46.025,1220,1,1,electro,366.15,105,1,1,1,53,5450,1,0,2.6426092969379242,5539.862205650312,1.27,2000,0,5250,0.25,0.25,1,300,1,0.9999,0.0731028611028611,1,9.64671203342243,3500,1,0,0,1,LOHC - formic acid,pumping,0.0
FA - closed loop - 80 cap factor,3,2022,1000,0.8,10,100,0.1709,6.028,0.0,10.18,0,0,0.31,0,formic acid,46.025,1220,1,1,electro,366.15,105,1,1,1,53,5450,1,0,2.6426092969379242,5539.862205650312,1.27,2000,0,5250,0.25,0.25,1,300,1,0.9999,0.0731028611028611,1,9.64671203342243,3500,1,0,0,1,LOHC - formic acid,purchase,0.31003100310031
FA - closed loop - 80 cap factor,3,2022,1000,0.8,10,100,0.1709,6.028,0.0,10.18,0,0,0.31,0,formic acid,46.025,1220,1,1,electro,366.15,105,1,1,1,53,5450,1,0,2.6426092969379242,5539.862205650312,1.27,2000,0,5250,0.25,0.25,1,300,1,0.9999,0.0731028611028611,1,9.64671203342243,3500,1,0,0,1,LOHC - formic acid,reaction,10.15797466171981
FA - closed loop - 80 cap factor,3,2022,1000,0.8,10,100,0.1709,6.028,0.0,10.18,0,0,0.31,0,formic acid,46.025,1220,1,1,electro,366.15,105,1,1,1,53,5450,1,0,2.6426092969379242,5539.862205650312,1.27,2000,0,5250,0.25,0.25,1,300,1,0.9999,0.0731028611028611,1,9.64671203342243,3500,1,0,0,1,LOHC - formic acid,separation,8.67998839687571
FA - closed loop - 80 cap factor,3,2022,1000,0.8,10,100,0.1709,6.028,0.0,10.18,0,0,0.31,0,formic acid,46.025,1220,1,1,electro,366.15,105,1,1,1,53,5450,1,0,2.6426092969379242,5539.862205650312,1.27,2000,0,5250,0.25,0.25,1,300,1,0.9999,0.0731028611028611,1,9.64671203342243,3500,1,0,0,1,LOHC - formic acid,storage,0.5769370357445412
FA - closed loop - 80 cap factor,3,2022,1000,0.8,10,100,0.1709,6.028,0.0,10.18,0,0,0.31,0,formic acid,46.025,1220,1,1,electro,366.15,105,1,1,1,53,5450,1,0,2.6426092969379242,5539.862205650312,1.27,2000,0,5250,0.25,0.25,1,300,1,0.9999,0.0731028611028611,1,9.64671203342243,3500,1,0,0,1,LOHC - formic acid,trucking,1.0986306729835458
FA - closed loop - 80 cap factor,3,2022,1000,0.8,10,100,0.1709,6.028,0.0,10.18,0,0,0.31,0,formic acid,46.025,1220,1,1,electro,366.15,105,1,1,1,53,5450,1,0,2.6426092969379242,5539.862205650312,1.27,2000,0,5250,0.25,0.25,1,300,1,0.9999,0.0731028611028611,1,9.64671203342243,3500,1,0,0,1,LOHC - formic acid,vaporization,0.0
FA - closed loop - 80 cap factor,3,2022,1000,0.8,10,100,0.1709,6.028,0.0,10.18,0,0,0.31,0,formic acid,46.025,1220,1,1,electro,366.15,105,1,1,1,53,5450,1,0,2.6426092969379242,5539.862205650312,1.27,2000,0,5250,0.25,0.25,1,300,1,0.9999,0.0731028611028611,1,9.64671203342243,3500,1,0,0,1,compressed hydrogen,compression,4.489819538019429
FA - closed loop - 80 cap factor,3,2022,1000,0.8,10,100,0.1709,6.028,0.0,10.18,0,0,0.31,0,formic acid,46.025,1220,1,1,electro,366.15,105,1,1,1,53,5450,1,0,2.6426092969379242,5539.862205650312,1.27,2000,0,5250,0.25,0.25,1,300,1,0.9999,0.0731028611028611,1,9.64671203342243,3500,1,0,0,1,compressed hydrogen,cooling,0.209654515298839
FA - closed loop - 80 cap factor,3,2022,1000,0.8,10,100,0.1709,6.028,0.0,10.18,0,0,0.31,0,formic acid,46.025,1220,1,1,electro,366.15,105,1,1,1,53,5450,1,0,2.6426092969379242,5539.862205650312,1.27,2000,0,5250,0.25,0.25,1,300,1,0.9999,0.0731028611028611,1,9.64671203342243,3500,1,0,0,1,compressed hydrogen,purchase,0.31
FA - closed loop - 80 cap factor,3,2022,1000,0.8,10,100,0.1709,6.028,0.0,10.18,0,0,0.31,0,formic acid,46.025,1220,1,1,electro,366.15,105,1,1,1,53,5450,1,0,2.6426092969379242,5539.862205650312,1.27,2000,0,5250,0.25,0.25,1,300,1,0.9999,0.0731028611028611,1,9.64671203342243,3500,1,0,0,1,compressed hydrogen,storage,1.3729071149070817
FA - closed loop - 80 cap factor,3,2022,1000,0.8,10,100,0.1709,6.028,0.0,10.18,0,0,0.31,0,formic acid,46.025,1220,1,1,electro,366.15,105,1,1,1,53,5450,1,0,2.6426092969379242,5539.862205650312,1.27,2000,0,5250,0.25,0.25,1,300,1,0.9999,0.0731028611028611,1,9.64671203342243,3500,1,0,0,1,compressed hydrogen,trucking,0.9611125165144008
FA - closed loop - 80 cap factor,3,2022,1000,0.8,10,100,0.1709,6.028,0.0,10.18,0,0,0.31,0,formic acid,46.025,1220,1,1,electro,366.15,105,1,1,1,53,5450,1,0,2.6426092969379242,5539.862205650312,1.27,2000,0,5250,0.25,0.25,1,300,1,0.9999,0.0731028611028611,1,9.64671203342243,3500,1,0,0,1,liquid hydrogen,liquefaction,5.0898848926929325
FA - closed loop - 80 cap factor,3,2022,1000,0.8,10,100,0.1709,6.028,0.0,10.18,0,0,0.31,0,formic acid,46.025,1220,1,1,electro,366.15,105,1,1,1,53,5450,1,0,2.6426092969379242,5539.862205650312,1.27,2000,0,5250,0.25,0.25,1,300,1,0.9999,0.0731028611028611,1,9.64671203342243,3500,1,0,0,1,liquid hydrogen,pumping,1.532563447481453
FA - closed loop - 80 cap factor,3,2022,1000,0.8,10,100,0.1709,6.028,0.0,10.18,0,0,0.31,0,formic acid,46.025,1220,1,1,electro,366.15,105,1,1,1,53,5450,1,0,2.6426092969379242,5539.862205650312,1.27,2000,0,5250,0.25,0.25,1,300,1,0.9999,0.0731028611028611,1,9.64671203342243,3500,1,0,0,1,liquid hydrogen,purchase,0.31
FA - closed loop - 80 cap factor,3,2022,1000,0.8,10,100,0.1709,6.028,0.0,10.18,0,0,0.31,0,formic acid,46.025,1220,1,1,electro,366.15,105,1,1,1,53,5450,1,0,2.6426092969379242,5539.862205650312,1.27,2000,0,5250,0.25,0.25,1,300,1,0.9999,0.0731028611028611,1,9.64671203342243,3500,1,0,0,1,liquid hydrogen,storage,1.1634492561433187
FA - closed loop - 80 cap factor,3,2022,1000,0.8,10,100,0.1709,6.028,0.0,10.18,0,0,0.31,0,formic acid,46.025,1220,1,1,electro,366.15,105,1,1,1,53,5450,1,0,2.6426092969379242,5539.862205650312,1.27,2000,0,5250,0.25,0.25,1,300,1,0.9999,0.0731028611028611,1,9.64671203342243,3500,1,0,0,1,liquid hydrogen,trucking,0.3391605717637287
FA - closed loop - 80 cap factor,3,2022,1000,0.8,10,100,0.1709,6.028,0.0,10.18,0,0,0.31,0,formic acid,46.025,1220,1,1,electro,366.15,105,1,1,1,53,5450,1,0,2.6426092969379242,5539.862205650312,1.27,2000,0,5250,0.25,0.25,1,300,1,0.9999,0.0731028611028611,1,9.64671203342243,3500,1,0,0,1,liquid hydrogen,vaporization,0.05694944038454677
